"","DBN","School","Year","Total4","TotalGrad4","AllRegents4","AdvRegents4","Local4","StillEnroll4","DropOut4","Total6","TotalGrad6","AllRegents6","AdvRegents6","Local6","StillEnroll6","DropOut6"
"1","01M292","HENRY STREET SCHOOL FOR INTERNATIONAL STUDIES",2015,73,46,41,0,5,18,7,82,61,53,0,8,6,15
"2","01M448","UNIVERSITY NEIGHBORHOOD HIGH SCHOOL",2015,82,68,58,13,10,5,8,88,72,53,6,19,1,14
"3","01M450","EAST SIDE COMMUNITY SCHOOL",2015,88,75,74,0,1,10,3,75,67,67,0,0,1,6
"4","01M458","FORSYTH SATELLITE ACADEMY",2015,87,13,11,0,2,65,9,118,41,40,0,1,12,60
"5","01M509","MARTA VALLE HIGH SCHOOL",2015,102,45,38,5,7,31,18,63,36,31,4,5,5,18
"6","01M515","LOWER EAST SIDE PREPARATORY HIGH SCHOOL",2015,264,105,103,57,2,83,75,246,110,109,51,1,27,108
"7","01M539","NEW EXPLORATIONS INTO SCIENCE  TECHNOLOGY AND MATH HIG",2015,122,119,119,91,0,2,1,137,134,134,96,0,0,2
"8","01M650","CASCADES HIGH SCHOOL",2015,109,29,29,0,0,64,14,150,116,108,0,8,3,31
"9","01M696","BARD HIGH SCHOOL EARLY COLLEGE",2015,154,148,148,0,0,4,2,123,121,121,0,0,0,1
"10","02M047","47 THE AMERICAN SIGN LANGUAGE AND ENGLISH SECONDARY SC",2015,29,15,13,2,2,12,1,42,35,27,3,8,1,3
"11","02M288","FOOD AND FINANCE HIGH SCHOOL",2015,99,78,67,0,11,14,7,79,74,65,0,9,1,3
"12","02M294","ESSEX STREET ACADEMY",2015,89,70,67,0,3,15,4,75,61,56,0,5,1,13
"13","02M296","HIGH SCHOOL OF HOSPITALITY MANAGEMENT",2015,103,83,71,0,12,18,2,75,56,52,0,4,3,16
"14","02M298","PACE HIGH SCHOOL",2015,98,85,85,17,0,12,1,98,92,92,6,0,0,6
"15","02M300","URBAN ASSEMBLY SCHOOL OF DESIGN AND CONSTRUCTION  THE",2015,108,64,64,0,0,36,8,74,60,59,1,1,4,9
"16","02M303","FACING HISTORY SCHOOL  THE",2015,96,58,57,0,1,20,15,97,66,66,0,0,1,27
"17","02M305","URBAN ASSEMBLY ACADEMY OF GOVERNMENT AND LAW  THE",2015,77,66,57,0,9,8,2,74,66,61,0,5,0,8
"18","02M308","LOWER MANHATTAN ARTS ACADEMY",2015,85,58,49,0,9,15,8,70,59,52,0,7,1,8
"19","02M313","JAMES BALDWIN SCHOOL  THE: A SCHOOL FOR EXPEDITIONARY",2015,135,58,57,0,1,49,25,114,71,68,0,3,10,32
"20","02M316","URBAN ASSEMBLY SCHOOL OF BUSINESS FOR YOUNG WOMEN",2015,75,57,52,15,5,17,1,77,66,57,2,9,2,8
"21","02M374","GRAMERCY ARTS HIGH SCHOOL",2015,113,93,90,9,3,10,6,111,93,88,3,5,7,11
"22","02M376","NYC ISCHOOL",2015,100,98,98,0,0,2,0,96,93,93,0,0,0,3
"23","02M392","MANHATTAN BUSINESS ACADEMY",2015,99,85,76,1,9,5,8,88,77,68,4,9,2,8
"24","02M393","BUSINESS OF SPORTS SCHOOL",2015,75,45,36,0,9,23,5,76,61,55,3,6,2,11
"25","02M394","EMMA LAZARUS HIGH SCHOOL",2015,59,31,31,15,0,18,9,81,55,55,33,0,12,14
"26","02M399","THE HIGH SCHOOL FOR LANGUAGE AND DIPLOMACY",2015,84,59,55,5,4,17,8,81,64,59,13,5,5,10
"27","02M400","HIGH SCHOOL FOR ENVIRONMENTAL STUDIES",2015,325,259,234,59,25,48,17,294,265,253,71,12,5,18
"28","02M407","INSTITUTE FOR COLLABORATIVE EDUCATION",2015,70,61,61,0,0,7,1,71,69,69,0,0,1,1
"29","02M408","PROFESSIONAL PERFORMING ARTS HIGH SCHOOL",2015,97,91,88,14,3,6,0,109,107,102,8,5,0,2
"30","02M411","BARUCH COLLEGE CAMPUS HIGH SCHOOL",2015,105,104,104,40,0,1,0,115,115,115,55,0,0,0
"31","02M412","N.Y.C. LAB SCHOOL FOR COLLABORATIVE STUDIES",2015,163,157,156,80,1,6,0,127,124,119,60,5,0,1
"32","02M413","SCHOOL OF THE FUTURE HIGH SCHOOL",2015,89,83,83,0,0,6,0,89,85,85,0,0,1,3
"33","02M414","N.Y.C. MUSEUM SCHOOL",2015,110,109,109,64,0,1,0,125,124,121,62,3,1,0
"34","02M416","ELEANOR ROOSEVELT HIGH SCHOOL",2015,129,129,129,117,0,0,0,122,122,122,101,0,0,0
"35","02M418","MILLENNIUM HIGH SCHOOL",2015,152,149,149,81,0,2,1,179,178,177,105,1,0,1
"36","02M419","LANDMARK HIGH SCHOOL",2015,94,38,38,0,0,34,17,95,54,51,0,3,1,38
"37","02M420","HIGH SCHOOL FOR HEALTH PROFESSIONS AND HUMAN SERVICES",2015,449,385,354,147,31,53,9,363,327,311,73,16,6,27
"38","02M422","QUEST TO LEARN",2015,1,NA,NA,NA,NA,NA,NA,NA,NA,NA,NA,NA,NA,NA
"39","02M425","LEADERSHIP AND PUBLIC SERVICE HIGH SCHOOL",2015,162,97,84,2,13,45,15,135,108,92,7,16,3,19
"40","02M427","MANHATTAN ACADEMY FOR ARTS & LANGUAGE",2015,88,43,43,1,0,21,21,3,NA,NA,NA,NA,NA,NA
"41","02M429","LEGACY SCHOOL FOR INTEGRATED STUDIES",2015,19,NA,NA,NA,NA,NA,NA,83,43,38,0,5,3,34
"42","02M432","MURRAY HILL ACADEMY",2015,79,50,40,1,10,12,15,35,17,15,0,2,4,14
"43","02M437","HUDSON HIGH SCHOOL OF LEARNING TECHNOLOGIES",2015,117,76,65,0,11,35,5,NA,NA,NA,NA,NA,NA,NA
"44","02M438","INTERNATIONAL HIGH SCHOOL AT UNION SQUARE",2015,78,38,37,0,1,26,13,2,NA,NA,NA,NA,NA,NA
"45","02M439","MANHATTAN VILLAGE ACADEMY",2015,81,79,78,75,1,1,1,113,113,113,93,0,0,0
"46","02M449","VANGUARD HIGH SCHOOL",2015,115,82,82,0,0,21,11,94,75,74,0,1,5,11
"47","02M459","MANHATTAN INTERNATIONAL HIGH SCHOOL",2015,70,46,46,0,0,22,2,71,61,60,0,1,2,7
"48","02M460","WASHINGTON IRVING HIGH SCHOOL",2015,85,43,38,0,5,12,26,256,150,141,2,9,12,78
"49","02M475","STUYVESANT HIGH SCHOOL",2015,802,772,772,764,0,29,1,838,835,835,812,0,0,2
"50","02M489","HIGH SCHOOL OF ECONOMICS AND FINANCE",2015,199,135,132,18,3,45,19,161,136,126,17,10,1,21
"51","02M500","UNITY CENTER FOR URBAN TECHNOLOGIES",2015,42,33,25,2,8,5,4,83,58,47,0,11,5,19
"52","02M507","URBAN ASSEMBLY GATEWAY SCHOOL FOR TECHNOLOGY",2015,117,98,93,13,5,13,4,NA,NA,NA,NA,NA,NA,NA
"53","02M519","TALENT UNLIMITED HIGH SCHOOL",2015,84,79,79,18,0,5,0,71,71,71,27,0,0,0
"54","02M520","MURRY BERGTRAUM HIGH SCHOOL FOR BUSINESS CAREERS",2015,310,141,130,3,11,125,42,499,331,307,14,24,44,106
"55","02M529","JACQUELINE KENNEDY ONASSIS HIGH SCHOOL",2015,183,115,108,5,7,46,19,172,133,122,15,11,7,31
"56","02M531","REPERTORY COMPANY HIGH SCHOOL FOR THEATRE ARTS",2015,57,57,56,7,1,0,0,45,44,44,1,0,0,1
"57","02M533","UNION SQUARE ACADEMY FOR HEALTH SCIENCES",2015,1,NA,NA,NA,NA,NA,NA,NA,NA,NA,NA,NA,NA,NA
"58","02M534","HARVEST COLLEGIATE HIGH SCHOOL",2015,3,NA,NA,NA,NA,NA,NA,NA,NA,NA,NA,NA,NA,NA
"59","02M542","MANHATTAN BRIDGES HIGH SCHOOL",2015,122,112,110,52,2,8,0,143,128,128,25,0,3,12
"60","02M543","NEW DESIGN HIGH SCHOOL",2015,99,73,64,0,9,10,13,89,81,71,0,10,0,6
"61","02M544","INDEPENDENCE HIGH SCHOOL",2015,133,11,10,1,1,73,49,200,64,55,1,9,33,80
"62","02M545","HIGH SCHOOL FOR DUAL LANGUAGE AND ASIAN STUDIES",2015,97,90,90,78,0,5,2,86,86,86,74,0,0,0
"63","02M550","LIBERTY HIGH SCHOOL ACADEMY FOR NEWCOMERS",2015,91,37,35,0,2,28,26,114,63,62,14,1,11,40
"64","02M551","NEW YORK HARBOR SCHOOL",2015,104,80,80,10,0,21,3,77,67,61,4,6,3,7
"65","02M560","HIGH SCHOOL M560 - CITY AS SCHOOL",2015,235,84,84,0,0,133,15,305,176,175,0,1,62,64
"66","02M565","URBAN ACADEMY LABORATORY HIGH SCHOOL",2015,32,14,14,0,0,16,2,35,20,20,0,0,12,0
"67","02M570","SATELLITE ACADEMY HIGH SCHOOL",2015,125,37,37,0,0,56,29,140,99,93,0,6,11,29
"68","02M575","MANHATTAN COMPREHENSIVE NIGHT AND DAY HIGH SCHOOL",2015,225,50,50,3,0,118,56,502,181,174,22,7,129,189
"69","02M580","RICHARD R. GREEN HIGH SCHOOL OF TEACHING",2015,122,75,71,1,4,31,13,134,94,88,6,6,3,19
"70","02M586","HARVEY MILK HIGH SCHOOL",2015,31,8,8,0,0,17,6,53,27,24,0,3,2,23
"71","02M600","THE HIGH SCHOOL OF FASHION INDUSTRIES",2015,360,294,286,70,8,54,10,356,336,323,42,13,5,12
"72","02M605","HUMANITIES PREPARATORY ACADEMY",2015,76,54,54,0,0,17,3,54,46,46,0,0,3,5
"73","02M615","CHELSEA CAREER AND TECHNICAL EDUCATION HIGH SCHOOL",2015,97,83,75,14,8,5,8,89,74,69,24,5,0,14
"74","02M620","NORMAN THOMAS HIGH SCHOOL",2015,1,NA,NA,NA,NA,NA,NA,379,233,205,6,28,14,115
"75","02M625","HIGH SCHOOL OF GRAPHIC COMMUNICATION ARTS",2015,150,62,61,0,1,51,32,396,271,257,3,14,23,87
"76","02M630","ART AND DESIGN HIGH SCHOOL",2015,312,247,240,50,7,52,10,301,277,267,20,10,7,13
"77","02M655","LIFE SCIENCES SECONDARY SCHOOL",2015,153,123,119,23,4,18,12,126,89,84,8,5,2,28
"78","03M283","MANHATTAN THEATRE LAB HIGH SCHOOL",2015,65,32,24,0,8,20,13,67,45,39,1,6,3,16
"79","03M299","HIGH SCHOOL FOR ARTS  IMAGINATION AND INQUIRY",2015,96,71,68,0,3,16,7,109,87,69,1,18,2,17
"80","03M307","URBAN ASSEMBLY SCHOOL FOR MEDIA STUDIES  THE",2015,96,70,59,0,11,12,14,83,57,48,2,9,0,24
"81","03M402","THE URBAN ASSEMBLY SCHOOL FOR GREEN CAREERS",2015,78,50,37,0,13,18,10,89,49,35,0,14,8,30
"82","03M403","THE GLOBAL LEARNING COLLABORATIVE",2015,129,96,83,11,13,19,14,88,54,48,2,6,3,31
"83","03M404","INNOVATION DIPLOMA PLUS",2015,93,3,3,0,0,85,3,96,47,43,0,4,17,30
"84","03M415","WADLEIGH SECONDARY SCHOOL FOR THE PERFORMING & VISUAL",2015,113,64,58,1,6,42,7,78,50,47,2,3,7,12
"85","03M417","FRANK MCCOURT HIGH SCHOOL",2015,102,92,86,7,6,8,2,NA,NA,NA,NA,NA,NA,NA
"86","03M479","BEACON HIGH SCHOOL",2015,297,295,295,0,0,2,0,261,259,259,0,0,0,1
"87","03M485","FIORELLO H. LAGUARDIA HIGH SCHOOL OF MUSIC & ART AND P",2015,662,645,645,470,0,15,1,660,657,657,455,0,0,2
"88","03M492","HIGH SCHOOL FOR LAW  ADVOCACY AND COMMUNITY JUSTICE",2015,112,78,75,5,3,18,15,120,98,90,16,8,5,16
"89","03M494","HIGH SCHOOL OF ARTS AND TECHNOLOGY",2015,151,96,75,3,21,34,17,143,103,100,4,3,1,30
"90","03M505","EDWARD A. REYNOLDS WEST SIDE HIGH SCHOOL",2015,204,33,22,0,11,150,20,332,162,135,1,27,67,99
"91","03M541","MANHATTAN / HUNTER SCIENCE HIGH SCHOOL",2015,107,106,106,18,0,1,0,116,111,111,29,0,3,2
"92","03M860","FREDERICK DOUGLASS ACADEMY II SECONDARY SCHOOL",2015,69,35,29,1,6,27,5,75,53,46,2,7,4,17
"93","04M372","ESPERANZA PREPARATORY ACADEMY",2015,2,NA,NA,NA,NA,NA,NA,NA,NA,NA,NA,NA,NA,NA
"94","04M409","COALITION SCHOOL FOR SOCIAL CHANGE",2015,83,27,20,0,7,28,19,94,49,42,0,7,9,32
"95","04M435","MANHATTAN CENTER FOR SCIENCE AND MATHEMATICS",2015,361,330,329,188,1,29,1,434,410,401,178,9,4,11
"96","04M495","PARK EAST HIGH SCHOOL",2015,96,92,89,10,3,3,1,87,72,66,3,6,3,10
"97","04M555","CENTRAL PARK EAST HIGH SCHOOL",2015,96,93,91,26,2,1,1,86,84,78,19,6,0,2
"98","04M610","YOUNG WOMEN'S LEADERSHIP SCHOOL",2015,71,70,68,21,2,1,0,67,67,62,20,5,0,0
"99","04M680","HERITAGE SCHOOL  THE",2015,81,48,41,2,7,17,14,63,45,42,2,3,2,11
"100","05M285","HARLEM RENAISSANCE HIGH SCHOOL",2015,83,19,17,0,2,55,7,123,54,41,0,13,20,48
"101","05M304","MOTT HALL HIGH SCHOOL",2015,102,68,54,3,14,21,7,96,84,78,7,6,0,10
"102","05M362","COLUMBIA SECONDARY SCHOOL",2015,85,84,83,43,1,1,0,NA,NA,NA,NA,NA,NA,NA
"103","05M367","ACADEMY FOR SOCIAL ACTION: A COLLEGE BOARD SCHOOL",2015,48,28,17,0,11,18,2,69,48,40,7,8,9,10
"104","05M369","URBAN ASSEMBLY SCHOOL FOR THE PERFORMING ARTS",2015,88,68,61,0,7,7,12,60,49,39,0,10,0,10
"105","05M469","CHOIR ACADEMY OF HARLEM",2015,26,10,8,0,2,6,10,25,16,15,0,1,4,5
"106","05M499","FREDERICK DOUGLASS ACADEMY",2015,237,151,146,48,5,69,14,252,224,223,54,1,2,22
"107","05M670","THURGOOD MARSHALL ACADEMY FOR LEARNING AND SOCIAL CHAN",2015,85,66,56,0,10,18,1,101,95,85,2,10,1,5
"108","05M685","BREAD & ROSES INTEGRATED ARTS HIGH SCHOOL",2015,83,29,20,0,9,16,31,109,52,46,0,6,10,38
"109","05M692","HIGH SCHOOL FOR MATHEMATICS  SCIENCE AND ENGINEERING A",2015,95,93,93,84,0,0,2,93,92,92,82,0,0,1
"110","06M293","CITY COLLEGE ACADEMY OF THE ARTS",2015,86,81,81,16,0,5,0,80,78,74,13,4,2,0
"111","06M346","COMMUNITY HEALTH ACADEMY OF THE HEIGHTS",2015,75,40,35,1,5,31,3,77,57,51,3,6,7,11
"112","06M348","WASHINGTON HEIGHTS EXPEDITIONARY LEARNING SCHOOL",2015,77,50,47,10,3,24,3,84,75,68,13,7,3,5
"113","06M423","HIGH SCHOOL FOR EXCELLENCE AND INNOVATION",2015,64,15,12,0,3,33,16,75,46,40,0,6,6,21
"114","06M462","THE COLLEGE ACADEMY",2015,135,62,54,2,8,41,17,160,120,114,4,6,8,21
"115","06M463","HIGH SCHOOL FOR MEDIA AND COMMUNICATIONS",2015,113,57,51,0,6,31,22,113,79,76,4,3,2,29
"116","06M467","HIGH SCHOOL FOR LAW AND PUBLIC SERVICE",2015,184,115,107,0,8,39,20,138,100,89,3,11,7,25
"117","06M468","HIGH SCHOOL FOR HEALTH CAREERS AND SCIENCES",2015,130,85,76,1,9,23,13,154,99,92,10,7,10,35
"118","06M540","A. PHILIP RANDOLPH CAMPUS HIGH SCHOOL",2015,224,168,168,22,0,41,5,328,284,283,30,1,5,26
"119","06M552","GREGORIO LUPERON HIGH SCHOOL FOR SCIENCE AND MATHEMATI",2015,93,64,62,9,2,19,10,153,110,104,25,6,8,29
"120","07X221","SOUTH BRONX PREPARATORY: A COLLEGE BOARD SCHOOL",2015,78,72,66,8,6,4,2,80,72,64,5,8,3,5
"121","07X321","CROTONA ACADEMY HIGH SCHOOL",2015,35,4,4,0,0,24,6,83,44,42,0,2,12,27
"122","07X334","INTERNATIONAL COMMUNITY HIGH SCHOOL",2015,91,48,47,2,1,39,4,114,52,49,2,3,20,42
"123","07X379","JILL CHAIFETZ TRANSFER HIGH SCHOOL",2015,82,16,13,0,3,52,13,84,40,37,1,3,9,35
"124","07X381","BRONX HAVEN HIGH SCHOOL",2015,78,9,6,0,3,51,18,79,32,25,0,7,20,27
"125","07X427","COMMUNITY SCHOOL FOR SOCIAL JUSTICE",2015,73,40,38,0,2,16,16,71,55,52,0,3,0,14
"126","07X473","MOTT HAVEN VILLAGE PREPARATORY HIGH SCHOOL",2015,88,40,38,0,2,33,9,96,64,59,0,5,9,16
"127","07X495","UNIVERSITY HEIGHTS SECONDARY SCHOOL",2015,115,103,103,0,0,10,1,130,117,116,0,1,1,11
"128","07X500","HOSTOS-LINCOLN ACADEMY OF SCIENCE",2015,76,60,58,13,2,13,3,72,65,60,9,5,1,6
"129","07X520","FOREIGN LANGUAGE ACADEMY OF GLOBAL STUDIES",2015,44,17,15,0,2,16,9,90,52,50,0,2,11,13
"130","07X522","BRONX DESIGN AND CONSTRUCTION ACADEMY",2015,118,47,35,0,12,45,25,2,NA,NA,NA,NA,NA,NA
"131","07X527","BRONX LEADERSHIP ACADEMY II HIGH SCHOOL",2015,121,70,66,10,4,31,19,96,67,59,2,8,3,25
"132","07X547","NEW EXPLORERS HIGH SCHOOL",2015,123,67,62,1,5,37,12,86,53,42,0,11,6,22
"133","07X548","URBAN ASSEMBLY SCHOOL FOR CAREERS IN SPORTS",2015,137,102,96,7,6,27,4,99,80,61,4,19,7,11
"134","07X551","THE URBAN ASSEMBLY BRONX ACADEMY OF LETTERS",2015,82,48,44,0,4,26,6,76,71,62,1,9,1,3
"135","07X557","MOTT HAVEN COMMUNITY HIGH SCHOOL",2015,80,12,12,0,0,50,17,71,29,18,0,11,13,28
"136","07X600","ALFRED E. SMITH CAREER AND TECHNICAL EDUCATION HIGH SC",2015,54,34,27,3,7,8,10,187,125,109,5,16,11,46
"137","07X655","SAMUEL GOMPERS CAREER AND TECHNICAL EDUCATION HIGH SCH",2015,62,29,27,3,2,0,23,178,76,69,4,7,13,52
"138","07X670","HEALTH OPPORTUNITIES HIGH SCHOOL",2015,133,77,68,6,9,28,25,140,103,92,6,11,9,26
"139","08X269","BRONX STUDIO SCHOOL FOR WRITERS AND ARTISTS",2015,66,39,37,0,2,18,7,74,57,54,0,3,1,13
"140","08X282","WOMEN'S ACADEMY OF EXCELLENCE",2015,93,53,51,5,2,28,12,86,65,60,4,5,5,14
"141","08X293","RENAISSANCE HIGH SCHOOL FOR MUSICAL THEATER & TECHNOLO",2015,129,93,89,2,4,23,11,102,88,83,3,5,1,11
"142","08X295","GATEWAY SCHOOL FOR ENVIRONMENTAL RESEARCH AND TECHNOLO",2015,39,19,14,0,5,1,18,116,59,48,2,11,12,40
"143","08X305","PABLO NERUDA ACADEMY",2015,83,44,26,2,18,20,18,89,58,47,2,11,3,26
"144","08X312","MILLENNIUM ART ACADEMY",2015,129,78,71,9,7,33,18,111,81,77,0,4,6,24
"145","08X332","HOLCOMBE L. RUCKER SCHOOL OF COMMUNITY RESEARCH",2015,74,44,38,0,6,17,12,81,56,48,0,8,3,20
"146","08X367","ARCHIMEDES ACADEMY FOR MATH  SCIENCE AND TECHNOLOGY AP",2015,86,47,40,0,7,30,7,1,NA,NA,NA,NA,NA,NA
"147","08X376","ANTONIA PANTOJA PREPARATORY ACADEMY: A COLLEGE BOARD S",2015,68,42,38,4,4,21,4,4,NA,NA,NA,NA,NA,NA
"148","08X377","BRONX COMMUNITY HIGH SCHOOL",2015,75,13,12,0,1,50,12,94,33,32,0,1,9,51
"149","08X405","HERBERT H. LEHMAN HIGH SCHOOL",2015,620,214,194,21,20,253,143,886,575,518,85,57,44,222
"150","08X432","BRONX BRIDGES HIGH SCHOOL",2015,86,42,37,0,5,30,8,NA,NA,NA,NA,NA,NA,NA
"151","08X452","BRONX GUILD",2015,61,35,25,0,10,10,13,84,56,42,0,14,8,13
"152","08X519","FELISA RINCON DE GAUTIER INSTITUTE FOR LAW AND PUBLIC",2015,94,37,32,0,5,32,24,104,53,48,0,5,1,37
"153","08X530","BANANA KELLY HIGH SCHOOL",2015,106,45,34,0,11,40,21,115,65,47,0,18,11,36
"154","08X537","BRONX ARENA HIGH SCHOOL",2015,56,2,2,0,0,47,7,101,30,26,0,4,28,40
"155","08X559","SCHOOL FOR TOURISM AND HOSPITALITY",2015,2,NA,NA,NA,NA,NA,NA,NA,NA,NA,NA,NA,NA,NA
"156","08X561","BRONX COMPASS HIGH SCHOOL",2015,4,NA,NA,NA,NA,NA,NA,NA,NA,NA,NA,NA,NA,NA
"157","08X650","JANE ADDAMS HIGH SCHOOL FOR ACADEMIC CAREERS",2015,87,48,34,0,14,11,21,192,102,89,1,13,12,63
"158","09X227","BRONX COLLEGIATE ACADEMY",2015,100,50,45,3,5,30,19,97,58,49,4,9,3,35
"159","09X231","EAGLE ACADEMY FOR YOUNG MEN",2015,105,67,60,2,7,28,7,75,59,53,0,6,2,12
"160","09X241","URBAN ASSEMBLY SCHOOL FOR APPLIED MATH AND SCIENCE  TH",2015,83,69,64,21,5,10,4,78,73,64,10,9,2,2
"161","09X250","EXIMIUS COLLEGE PREPARATORY ACADEMY: A COLLEGE BOARD S",2015,132,109,101,17,8,17,6,66,55,53,5,2,2,8
"162","09X252","MOTT HALL BRONX HIGH SCHOOL",2015,90,71,63,3,8,15,4,87,79,71,4,8,1,6
"163","09X260","BRONX CENTER FOR SCIENCE AND MATHEMATICS",2015,111,100,96,26,4,8,3,98,95,93,49,2,0,3
"164","09X263","VALIDUS PREPARATORY ACADEMY",2015,97,54,50,0,4,33,10,97,75,64,0,11,6,11
"165","09X276","LEADERSHIP INSTITUTE",2015,49,14,13,0,1,17,17,45,29,26,0,3,3,12
"166","09X297","MORRIS ACADEMY FOR COLLABORATIVE STUDIES",2015,140,90,81,3,9,34,16,100,69,57,2,12,7,22
"167","09X324","BRONX EARLY COLLEGE ACADEMY FOR TEACHING & LEARNING",2015,60,56,49,4,7,3,1,78,76,76,14,0,0,2
"168","09X327","COMPREHENSIVE MODEL SCHOOL PROJECT M.S. 327",2015,3,NA,NA,NA,NA,NA,NA,NA,NA,NA,NA,NA,NA,NA
"169","09X329","DREAMYARD PREPARATORY SCHOOL",2015,87,51,46,0,5,23,13,85,35,30,4,5,6,42
"170","09X365","ACADEMY FOR LANGUAGE AND TECHNOLOGY",2015,70,65,64,2,1,2,3,86,75,72,0,3,1,10
"171","09X403","BRONX INTERNATIONAL HIGH SCHOOL",2015,115,81,76,0,5,28,4,87,62,58,0,4,10,10
"172","09X404","SCHOOL FOR EXCELLENCE",2015,97,52,47,0,5,34,10,89,65,61,0,4,6,14
"173","09X412","BRONX HIGH SCHOOL OF BUSINESS",2015,90,34,32,1,2,43,13,96,53,47,0,6,18,22
"174","09X413","BRONX HIGH SCHOOL FOR MEDICAL SCIENCE",2015,86,72,72,12,0,9,2,71,68,67,12,1,1,2
"175","09X414","JONATHAN LEVIN HIGH SCHOOL FOR MEDIA AND COMMUNICATION",2015,85,35,28,1,7,29,17,104,40,36,1,4,18,42
"176","09X505","BRONX SCHOOL FOR LAW  GOVERNMENT AND JUSTICE",2015,126,90,84,0,6,26,8,113,101,97,0,4,0,10
"177","09X517","FREDERICK DOUGLASS ACADEMY III SECONDARY SCHOOL",2015,110,67,67,1,0,27,16,83,61,57,9,4,2,19
"178","09X525","BRONX LEADERSHIP ACADEMY HIGH SCHOOL",2015,169,90,81,0,9,54,15,190,120,105,8,15,8,50
"179","09X543","HIGH SCHOOL FOR VIOLIN AND DANCE",2015,108,63,55,0,8,24,13,51,32,26,1,6,4,12
"180","10X141","RIVERDALE / KINGSBRIDGE ACADEMY (MIDDLE SCHOOL / HIGH",2015,157,125,119,29,6,17,14,158,141,129,23,12,3,9
"181","10X213","BRONX ENGINEERING AND TECHNOLOGY ACADEMY",2015,92,62,58,7,4,19,10,105,82,78,9,4,5,17
"182","10X225","THEATRE ARTS PRODUCTION COMPANY SCHOOL",2015,94,71,70,0,1,18,2,79,69,60,0,9,0,7
"183","10X237","THE MARIE CURIE SCHOOL FOR MEDICINE  NURSING  AND HEAL",2015,138,92,88,7,4,36,8,119,99,88,5,11,3,16
"184","10X243","WEST BRONX ACADEMY FOR THE FUTURE",2015,80,62,58,4,4,12,4,81,65,58,5,7,5,9
"185","10X268","KINGSBRIDGE INTERNATIONAL HIGH SCHOOL",2015,73,41,39,11,2,20,10,126,72,72,14,0,5,45
"186","10X284","BRONX SCHOOL OF LAW AND FINANCE",2015,117,67,64,6,3,33,17,92,70,66,1,4,0,21
"187","10X319","PROVIDING URBAN LEARNERS SUCCESS IN EDUCATION HIGH SCH",2015,126,14,12,0,2,64,48,135,44,39,0,5,13,73
"188","10X342","INTERNATIONAL SCHOOL FOR LIBERAL ARTS",2015,104,65,65,7,0,28,10,116,88,86,14,2,3,23
"189","10X351","BRONX COLLABORATIVE HIGH SCHOOL",2015,1,NA,NA,NA,NA,NA,NA,NA,NA,NA,NA,NA,NA,NA
"190","10X368","IN-TECH ACADEMY (M.S. / HIGH SCHOOL 368)",2015,135,108,98,15,10,25,2,121,95,88,6,7,2,24
"191","10X374","KNOWLEDGE AND POWER PREPARATORY ACADEMY INTERNATIONAL",2015,90,72,69,7,3,9,9,79,71,70,6,1,1,7
"192","10X397","ENGLISH LANGUAGE LEARNERS AND INTERNATIONAL SUPPORT PR",2015,87,18,17,0,1,32,35,78,18,18,0,0,31,28
"193","10X433","HIGH SCHOOL FOR TEACHING AND THE PROFESSIONS",2015,114,61,47,0,14,35,16,132,107,92,5,15,6,17
"194","10X434","BELMONT PREPARATORY HIGH SCHOOL",2015,94,52,49,14,3,32,9,90,71,66,16,5,7,10
"195","10X437","FORDHAM HIGH SCHOOL FOR THE ARTS",2015,89,77,71,2,6,10,2,82,71,65,11,6,1,8
"196","10X438","FORDHAM LEADERSHIP ACADEMY FOR BUSINESS AND TECHNOLOGY",2015,116,48,37,0,11,40,24,104,61,52,0,9,9,30
"197","10X439","BRONX HIGH SCHOOL FOR LAW AND COMMUNITY SERVICE",2015,89,63,53,3,10,12,13,79,68,55,4,13,2,9
"198","10X440","DEWITT CLINTON HIGH SCHOOL",2015,789,327,297,58,30,208,212,1050,689,550,109,139,53,255
"199","10X442","CELIA CRUZ BRONX HIGH SCHOOL OF MUSIC  THE",2015,89,81,80,8,1,3,5,73,69,65,7,4,1,3
"200","10X445","BRONX HIGH SCHOOL OF SCIENCE",2015,737,730,730,728,0,6,1,752,751,751,749,0,1,0
"201","10X477","MARBLE HILL HIGH SCHOOL FOR INTERNATIONAL STUDIES",2015,112,103,102,22,1,7,2,116,109,108,22,1,2,5
"202","10X524","CROTONA INTERNATIONAL HIGH SCHOOL",2015,100,39,39,0,0,37,24,NA,NA,NA,NA,NA,NA,NA
"203","10X546","BRONX THEATRE HIGH SCHOOL",2015,102,63,50,0,13,29,8,101,79,73,2,6,8,10
"204","10X549","DISCOVERY HIGH SCHOOL",2015,147,84,83,42,1,44,18,127,87,83,40,4,11,26
"205","10X565","HIGH SCHOOL FOR ENERGY AND TECHNOLOGY",2015,1,NA,NA,NA,NA,NA,NA,NA,NA,NA,NA,NA,NA,NA
"206","10X660","GRACE DODGE CAREER AND TECHNICAL EDUCATION HIGH SCHOOL",2015,104,53,45,0,8,1,41,291,137,115,2,22,27,115
"207","10X696","HIGH SCHOOL OF AMERICAN STUDIES AT LEHMAN COLLEGE",2015,97,96,96,89,0,1,0,94,94,94,81,0,0,0
"208","11X249","BRONX HEALTH SCIENCES HIGH SCHOOL",2015,85,82,80,16,2,2,1,57,56,56,4,0,1,0
"209","11X253","BRONX HIGH SCHOOL FOR WRITING AND COMMUNICATION ARTS",2015,112,58,52,0,6,25,22,108,65,59,2,6,7,28
"210","11X265","BRONX LAB SCHOOL",2015,123,92,86,0,6,22,9,113,85,78,0,7,9,18
"211","11X270","ACADEMY FOR SCHOLARSHIP AND ENTRENEURSHIP",2015,101,59,52,2,7,31,10,79,69,58,3,11,0,7
"212","11X275","HIGH SCHOOL OF COMPUTERS AND TECHNOLOGY",2015,126,93,92,19,1,31,1,121,110,105,19,5,0,11
"213","11X288","COLLEGIATE INSTITUTE FOR MATH AND SCIENCE",2015,163,134,129,57,5,12,12,147,130,124,44,6,5,9
"214","11X290","BRONX ACADEMY OF HEALTH CAREERS",2015,133,88,85,7,3,34,10,115,90,83,5,7,7,15
"215","11X299","ASTOR COLLEGIATE ACADEMY",2015,124,83,75,9,8,31,8,116,90,83,6,7,5,19
"216","11X418","BRONX HIGH SCHOOL FOR THE VISUAL ARTS",2015,119,59,52,2,7,29,22,115,88,80,6,8,5,14
"217","11X455","HARRY S TRUMAN HIGH SCHOOL",2015,415,256,248,20,8,67,74,426,286,255,22,31,14,110
"218","11X508","BRONXDALE HIGH SCHOOL",2015,91,71,64,3,7,13,5,1,NA,NA,NA,NA,NA,NA
"219","11X509","HIGH SCHOOL OF LANGUAGE AND INNOVATION",2015,89,58,57,15,1,23,8,NA,NA,NA,NA,NA,NA,NA
"220","11X513","NEW WORLD HIGH SCHOOL",2015,84,74,74,18,0,10,0,77,70,70,10,0,1,6
"221","11X514","THE BRONXWOOD PREPARATORY ACADEMY",2015,118,73,61,4,12,25,15,89,65,55,0,10,12,12
"222","11X542","PELHAM PREPARATORY ACADEMY",2015,111,94,85,10,9,6,4,113,110,105,17,5,1,2
"223","11X544","HIGH SCHOOL FOR CONTEMPORARY ARTS",2015,144,80,71,1,9,40,20,124,89,84,0,5,4,29
"224","11X545","BRONX AEROSPACE HIGH SCHOOL",2015,103,70,56,0,14,17,15,84,63,47,0,16,6,13
"225","12X242","MOTT HALL V",2015,79,57,55,22,2,19,3,2,NA,NA,NA,NA,NA,NA
"226","12X248","METROPOLITAN HIGH SCHOOL  THE",2015,87,52,49,3,3,22,10,97,71,59,2,12,1,20
"227","12X251","EXPLORATIONS ACADEMY",2015,92,51,43,0,8,21,19,98,65,56,2,9,4,28
"228","12X267","BRONX LATIN",2015,58,49,43,7,6,4,4,40,29,28,3,1,0,8
"229","12X271","EAST BRONX ACADEMY FOR THE FUTURE",2015,98,68,61,4,7,17,12,103,77,68,3,9,2,21
"230","12X278","PEACE AND DIVERSITY ACADEMY",2015,57,13,13,0,0,25,18,72,37,36,0,1,10,23
"231","12X372","URBAN ASSEMBLY SCHOOL FOR WILDLIFE CONSERVATION",2015,83,64,52,3,12,14,3,2,NA,NA,NA,NA,NA,NA
"232","12X388","PAN AMERICAN INTERNATIONAL HIGH SCHOOL AT MONROE",2015,89,72,69,0,3,11,5,71,60,60,0,0,5,6
"233","12X446","ARTURO A. SCHOMBURG SATELLITE ACADEMY BRONX",2015,79,13,12,0,1,55,11,152,67,65,0,2,23,62
"234","12X478","THE CINEMA SCHOOL",2015,94,89,88,4,1,3,2,74,72,71,16,1,0,2
"235","12X479","BRONX CAREER AND COLLEGE PREPARATORY HIGH SCHOOL",2015,91,40,37,0,3,25,15,67,53,44,0,9,6,6
"236","12X480","BRONX REGIONAL HIGH SCHOOL",2015,106,8,8,0,0,74,23,151,47,38,0,9,28,70
"237","12X511","BRONX ENVISION ACADEMY",2015,81,56,45,1,11,17,8,NA,NA,NA,NA,NA,NA,NA
"238","12X521","THE METROPOLITAN SOUNDVIEW HIGH SCHOOL",2015,100,72,70,7,2,19,6,2,NA,NA,NA,NA,NA,NA
"239","12X550","HIGH SCHOOL OF WORLD CULTURES",2015,101,48,48,2,0,38,13,110,72,68,8,4,12,24
"240","12X682","FANNIE LOU HAMER FREEDOM HIGH SCHOOL",2015,108,71,69,0,2,24,10,131,104,91,0,13,2,21
"241","12X684","WINGS ACADEMY",2015,119,64,59,4,5,43,10,95,65,58,6,7,0,25
"242","12X692","MONROE ACADEMY FOR VISUAL ARTS & DESIGN",2015,109,54,46,0,8,33,19,113,66,63,1,3,11,28
"243","13K265","DR. SUSAN S. MCKINNEY SECONDARY SCHOOL OF THE ARTS",2015,69,34,29,0,5,28,6,71,51,49,8,2,9,10
"244","13K350","URBAN ASSEMBLY HIGH SCHOOL OF MUSIC AND ART",2015,98,52,43,0,9,26,18,92,52,39,0,13,5,35
"245","13K412","BROOKLYN COMMUNITY HIGH SCHOOL OF COMMUNICATION  ARTS",2015,118,80,73,0,7,26,11,106,83,74,1,9,4,18
"246","13K419","SCIENCE SKILLS CENTER HIGH SCHOOL FOR SCIENCE  TECHNOL",2015,91,63,59,8,4,16,11,132,103,99,17,4,5,21
"247","13K430","BROOKLYN TECHNICAL HIGH SCHOOL",2015,1330,1255,1255,1172,0,69,4,1298,1281,1281,1138,0,2,12
"248","13K439","BROOKLYN INTERNATIONAL HIGH SCHOOL",2015,82,71,71,0,0,6,5,98,86,86,0,0,3,9
"249","13K483","THE URBAN ASSEMBLY SCHOOL FOR LAW AND JUSTICE",2015,105,89,89,0,0,14,2,98,92,87,0,5,1,5
"250","13K499","ACORN COMMUNITY HIGH SCHOOL",2015,150,68,63,2,5,58,23,161,128,118,7,10,9,19
"251","13K509","FREEDOM ACADEMY HIGH SCHOOL",2015,1,NA,NA,NA,NA,NA,NA,54,25,21,0,4,13,12
"252","13K527","URBAN ASSEMBLY INSTITUTE OF MATH AND SCIENCE FOR YOUNG",2015,73,62,59,0,3,7,4,62,58,55,4,3,1,3
"253","13K553","BROOKLYN ACADEMY HIGH SCHOOL",2015,70,18,14,1,4,46,6,93,42,34,0,8,18,32
"254","13K575","BEDFORD STUYVESANT PREPARATORY HIGH SCHOOL",2015,60,11,11,0,0,46,3,63,36,36,0,0,7,15
"255","13K595","BEDFORD ACADEMY HIGH SCHOOL",2015,79,76,76,47,0,3,0,103,99,98,51,1,1,3
"256","13K605","GEORGE WESTINGHOUSE CAREER AND TECHNICAL EDUCATION HIG",2015,158,101,92,1,9,49,7,216,169,153,9,16,11,28
"257","13K616","BROOKLYN HIGH SCHOOL FOR LEADERSHIP AND COMMUNITY SERV",2015,72,3,2,0,1,49,19,95,22,18,0,4,23,46
"258","13K670","BENJAMIN BANNEKER ACADEMY",2015,215,196,193,65,3,15,4,221,217,214,39,3,1,2
"259","13K674","CITY POLYTECHNIC HIGH SCHOOL OF ENGINEERING  ARCHITECT",2015,114,98,95,0,3,15,1,63,59,56,2,3,1,2
"260","14K071","JUAN MOREL CAMPOS SECONDARY SCHOOL",2015,85,36,32,0,4,31,17,102,56,50,2,6,18,24
"261","14K322","FOUNDATIONS ACADEMY",2015,36,12,8,0,4,14,10,25,11,8,0,3,2,11
"262","14K449","BROOKLYN LATIN SCHOOL  THE",2015,158,153,153,56,0,5,0,86,86,86,13,0,0,0
"263","14K454","GREEN SCHOOL: AN ACADEMY FOR ENVIRONMENTAL CAREERS",2015,95,61,61,0,0,13,19,71,44,39,0,5,5,21
"264","14K474","PROGRESS HIGH SCHOOL FOR PROFESSIONAL CAREERS",2015,286,190,183,0,7,60,33,242,177,168,6,9,15,47
"265","14K477","SCHOOL FOR LEGAL STUDIES",2015,170,73,65,2,8,53,40,187,116,110,0,6,16,51
"266","14K478","THE HIGH SCHOOL FOR ENTERPRISE  BUSINESS AND TECHNOLOG",2015,266,181,177,7,4,56,27,205,173,163,11,10,6,23
"267","14K488","BROOKLYN PREPARATORY HIGH SCHOOL",2015,108,94,78,0,16,5,6,96,77,55,0,22,2,16
"268","14K558","WILLIAMSBURG HIGH SCHOOL FOR ARCHITECTURE AND DESIGN",2015,148,138,132,29,6,5,4,92,83,81,25,2,1,8
"269","14K561","WILLIAMSBURG PREPARATORY SCHOOL",2015,171,154,144,46,10,9,7,137,128,124,20,4,1,8
"270","14K586","LYONS COMMUNITY SCHOOL",2015,69,43,34,0,9,17,9,68,51,44,0,7,4,13
"271","14K610","AUTOMOTIVE HIGH SCHOOL",2015,96,44,38,0,6,25,24,172,100,79,1,21,6,53
"272","14K614","YOUNG WOMEN'S LEADERSHIP SCHOOL OF BROOKLYN",2015,45,45,41,0,4,0,0,NA,NA,NA,NA,NA,NA,NA
"273","14K632","FRANCES PERKINS ACADEMY",2015,41,26,22,0,4,11,4,37,25,18,0,7,2,7
"274","14K685","EL PUENTE ACADEMY FOR PEACE AND JUSTICE",2015,56,37,37,0,0,11,6,49,41,40,0,1,0,6
"275","15K423","BROOKLYN FRONTIERS HIGH SCHOOL",2015,68,20,17,0,3,13,25,NA,NA,NA,NA,NA,NA,NA
"276","15K429","BROOKLYN SCHOOL FOR GLOBAL STUDIES",2015,34,22,20,0,2,8,4,70,60,57,0,3,2,7
"277","15K448","BROOKLYN SECONDARY SCHOOL FOR COLLABORATIVE STUDIES",2015,88,77,77,0,0,9,2,87,76,73,0,3,3,7
"278","15K462","SECONDARY SCHOOL FOR LAW",2015,83,73,67,6,6,7,3,94,79,64,7,15,3,9
"279","15K463","SECONDARY SCHOOL FOR JOURNALISM",2015,80,45,40,5,5,25,10,66,50,46,0,4,4,8
"280","15K464","PARK SLOPE COLLEGIATE",2015,51,33,28,0,5,11,5,55,36,33,1,3,5,12
"281","15K497","SCHOOL FOR INTERNATIONAL STUDIES",2015,62,41,41,4,0,14,5,71,50,49,0,1,4,13
"282","15K519","COBBLE HILL SCHOOL OF AMERICAN STUDIES",2015,140,109,87,5,22,21,9,146,117,96,10,21,2,23
"283","15K529","WEST BROOKLYN COMMUNITY HIGH SCHOOL",2015,66,9,6,0,3,44,12,129,49,35,0,14,30,43
"284","15K592","KHALIL GIBRAN INTERNATIONAL ACADEMY",2015,3,NA,NA,NA,NA,NA,NA,1,NA,NA,NA,NA,NA,NA
"285","15K656","BROOKLYN HIGH SCHOOL OF THE ARTS",2015,124,111,109,4,2,11,2,155,138,133,3,5,8,9
"286","15K667","SUNSET PARK HIGH SCHOOL",2015,316,200,177,2,23,82,21,295,243,216,5,27,18,27
"287","15K684","MILLENNIUM BROOKLYN HS",2015,113,107,107,45,0,5,1,NA,NA,NA,NA,NA,NA,NA
"288","15K698","SOUTH BROOKLYN COMMUNITY HIGH SCHOOL",2015,58,2,2,0,0,48,6,60,31,21,0,10,10,17
"289","16K393","FREDERICK DOUGLASS ACADEMY IV SECONDARY SCHOOL",2015,28,17,17,0,0,9,1,43,39,39,0,0,0,3
"290","16K455","BOYS AND GIRLS HIGH SCHOOL",2015,180,90,85,6,5,21,50,421,242,211,1,31,24,110
"291","16K498","BROOKLYN HIGH SCHOOL FOR LAW AND TECHNOLOGY",2015,109,76,72,5,4,23,5,84,57,52,0,5,3,14
"292","16K594","GOTHAM PROFESSIONAL ARTS ACADEMY",2015,75,41,41,0,0,25,9,49,40,40,0,0,1,8
"293","16K669","RESEARCH AND SERVICE HIGH SCHOOL",2015,81,15,12,0,3,55,10,42,14,13,0,1,10,18
"294","16K688","THE BROOKLYN ACADEMY OF GLOBAL FINANCE",2015,36,21,19,1,2,6,8,48,34,31,0,3,1,11
"295","17K122","PATHWAYS IN TECHNOLOGY EARLY COLLEGE HIGH SCHOOL (P-TE",2015,97,56,54,5,2,40,0,NA,NA,NA,NA,NA,NA,NA
"296","17K382","ACADEMY FOR COLLEGE PREPARATION AND CAREER EXPLORATION",2015,101,51,48,6,3,43,5,95,79,75,17,4,7,9
"297","17K408","ACADEMY OF HOSPITALITY AND TOURISM",2015,80,49,46,0,3,24,6,67,37,36,0,1,14,16
"298","17K489","W.E.B. DUBOIS ACADEMIC HIGH SCHOOL",2015,50,4,3,0,1,30,13,62,22,18,0,4,9,31
"299","17K524","INTERNATIONAL HIGH SCHOOL AT PROSPECT HEIGHTS",2015,104,70,66,0,4,26,7,85,65,63,0,2,5,14
"300","17K528","THE HIGH SCHOOL FOR GLOBAL CITIZENSHIP",2015,61,34,31,0,3,12,13,89,57,53,0,4,7,19
"301","17K531","SCHOOL FOR HUMAN RIGHTS  THE",2015,73,54,54,7,0,16,3,59,45,40,7,5,4,10
"302","17K533","SCHOOL FOR DEMOCRACY AND LEADERSHIP",2015,84,46,41,0,5,27,9,69,51,38,2,13,3,13
"303","17K537","HIGH SCHOOL FOR YOUTH AND COMMUNITY DEVELOPMENT AT ERA",2015,95,73,63,3,10,14,8,96,74,63,4,11,5,17
"304","17K539","HIGH SCHOOL FOR SERVICE & LEARNING AT ERASMUS",2015,117,82,73,7,9,22,12,90,71,64,9,7,3,16
"305","17K543","SCIENCE  TECHNOLOGY AND RESEARCH EARLY COLLEGE HIGH SC",2015,71,68,66,6,2,3,0,80,80,80,3,0,0,0
"306","17K544","INTERNATIONAL ARTS BUSINESS SCHOOL",2015,17,NA,NA,NA,NA,NA,NA,80,63,52,0,11,3,12
"307","17K546","HIGH SCHOOL FOR PUBLIC SERVICE: HEROES OF TOMORROW",2015,109,101,97,23,4,5,2,87,85,77,1,8,1,1
"308","17K547","BROOKLYN ACADEMY OF SCIENCE AND THE ENVIRONMENT",2015,140,88,86,6,2,42,10,97,78,73,2,5,5,14
"309","17K548","BROOKLYN SCHOOL FOR MUSIC & THEATRE",2015,94,73,64,1,9,9,11,78,62,58,4,4,3,10
"310","17K568","BROWNSVILLE ACADEMY HIGH SCHOOL",2015,80,21,18,0,3,49,10,90,50,45,0,5,12,27
"311","17K590","MEDGAR EVERS COLLEGE PREPARATORY SCHOOL",2015,219,209,209,72,0,9,1,205,199,199,39,0,2,2
"312","17K600","CLARA BARTON HIGH SCHOOL",2015,330,207,202,10,5,93,14,395,322,315,21,7,17,26
"313","17K625","PAUL ROBESON HIGH SCHOOL",2015,1,NA,NA,NA,NA,NA,NA,90,48,42,3,6,4,32
"314","17K745","BROOKLYN INSTITUTE FOR LIBERAL ARTS",2015,1,NA,NA,NA,NA,NA,NA,NA,NA,NA,NA,NA,NA,NA
"315","17K751","ACADEMY FOR HEALTH CAREERS",2015,81,57,54,0,3,14,9,2,NA,NA,NA,NA,NA,NA
"316","18K563","IT TAKES A VILLAGE ACADEMY",2015,120,105,104,8,1,10,3,72,67,56,17,11,0,5
"317","18K566","BROOKLYN GENERATION SCHOOL",2015,82,53,52,0,1,20,8,73,45,43,0,2,9,17
"318","18K567","BROOKLYN THEATRE ARTS HIGH SCHOOL",2015,93,63,60,0,3,20,8,78,52,51,0,1,7,13
"319","18K569","KURT HAHN EXPEDITIONARY LEARNING SCHOOL",2015,83,63,56,0,7,13,6,89,64,56,0,8,3,17
"320","18K576","VICTORY COLLEGIATE HIGH SCHOOL",2015,76,51,43,0,8,21,4,73,65,56,0,9,1,6
"321","18K578","BROOKLYN BRIDGE ACADEMY",2015,84,12,12,0,0,60,11,113,52,48,0,4,18,38
"322","18K589","ARTS & MEDIA PREPARATORY ACADEMY",2015,80,39,37,0,2,29,12,51,32,29,0,3,2,14
"323","18K617","HIGH SCHOOL FOR INNOVATION IN ADVERTISING AND MEDIA",2015,66,50,47,0,3,10,5,76,61,51,0,10,1,13
"324","18K629","CULTURAL ACADEMY FOR THE ARTS AND SCIENCES",2015,74,42,40,1,2,25,6,57,45,39,2,6,3,8
"325","18K633","HIGH SCHOOL FOR MEDICAL PROFESSIONS",2015,103,90,84,1,6,10,3,119,117,113,8,4,1,1
"326","18K635","OLYMPUS ACADEMY",2015,59,7,7,0,0,40,12,89,27,20,0,7,23,36
"327","18K637","ACADEMY FOR CONSERVATION AND THE ENVIRONMENT",2015,62,48,44,0,4,7,6,57,48,45,0,3,1,7
"328","18K642","URBAN ACTION ACADEMY",2015,77,40,37,0,3,30,7,68,53,50,0,3,2,9
"329","18K673","EAST BROOKLYN COMMUNITY HIGH SCHOOL",2015,72,15,13,0,2,44,13,99,50,40,0,10,8,39
"330","19K404","ACADEMY FOR YOUNG WRITERS",2015,85,61,49,0,12,16,6,71,57,49,0,8,4,9
"331","19K409","EAST NEW YORK FAMILY ACADEMY",2015,68,56,55,2,1,12,0,61,57,55,2,2,2,2
"332","19K502","FDNY HIGH SCHOOL FOR FIRE AND LIFE SAFETY",2015,64,44,37,0,7,11,8,92,66,60,0,6,11,15
"333","19K504","HIGH SCHOOL FOR CIVIL RIGHTS",2015,104,34,31,0,3,53,14,104,73,63,1,10,5,26
"334","19K507","PERFORMING ARTS AND TECHNOLOGY HIGH SCHOOL",2015,106,61,57,5,4,37,6,102,73,66,2,7,5,20
"335","19K510","WORLD ACADEMY FOR TOTAL COMMUNITY HEALTH HIGH SCHOOL",2015,88,53,50,6,3,26,9,100,76,67,1,9,7,14
"336","19K583","MULTICULTURAL HIGH SCHOOL",2015,69,33,33,0,0,10,26,103,49,49,0,0,3,51
"337","19K615","TRANSIT TECH CAREER AND TECHNICAL EDUCATION HIGH SCHOO",2015,229,125,116,0,9,85,15,269,218,192,13,26,7,39
"338","19K618","ACADEMY OF INNOVATIVE TECHNOLOGY",2015,114,80,71,8,9,27,7,108,77,68,3,9,16,14
"339","19K639","BROOKLYN LAB SCHOOL",2015,93,45,32,3,13,24,23,85,56,46,0,10,2,26
"340","19K659","CYPRESS HILLS COLLEGIATE PREPARATORY SCHOOL",2015,104,57,56,2,1,26,20,107,70,65,1,5,15,22
"341","19K660","W. H. MAXWELL CAREER AND TECHNICAL EDUCATION HIGH SCHO",2015,91,48,46,3,2,27,14,156,108,93,2,15,5,35
"342","19K683","THE SCHOOL FOR CLASSICS: AN ACADEMY OF THINKERS  WRITE",2015,71,58,51,6,7,6,6,77,67,59,0,8,1,9
"343","20K445","NEW UTRECHT HIGH SCHOOL",2015,764,555,517,169,38,148,55,809,601,567,161,34,53,139
"344","20K485","HIGH SCHOOL OF TELECOMMUNICATION ARTS AND TECHNOLOGY",2015,343,294,275,116,19,36,12,288,251,238,113,13,12,22
"345","20K490","FORT HAMILTON HIGH SCHOOL",2015,977,693,670,269,23,165,104,1173,900,857,293,43,36,205
"346","20K505","FRANKLIN DELANO ROOSEVELT HIGH SCHOOL",2015,727,413,401,151,12,223,84,818,581,563,186,18,54,164
"347","20K609","URBAN ASSEMBLY SCHOOL FOR CRIMINAL JUSTICE",2015,67,59,59,8,0,4,3,1,NA,NA,NA,NA,NA,NA
"348","21K337","INTERNATIONAL HIGH SCHOOL AT LAFAYETTE",2015,83,62,62,0,0,15,6,78,50,50,0,0,9,19
"349","21K344","RACHEL CARSON HIGH SCHOOL FOR COASTAL STUDIES",2015,150,121,117,1,4,15,13,117,99,95,10,4,4,13
"350","21K348","HIGH SCHOOL OF SPORTS MANAGEMENT",2015,89,61,58,4,3,20,6,62,51,49,7,2,2,9
"351","21K410","ABRAHAM LINCOLN HIGH SCHOOL",2015,586,345,328,65,17,172,56,622,474,447,69,27,29,109
"352","21K468","KINGSBOROUGH EARLY COLLEGE SCHOOL",2015,79,74,71,17,3,4,1,69,66,64,9,2,1,1
"353","21K525","EDWARD R. MURROW HIGH SCHOOL",2015,970,767,747,212,20,149,31,918,784,756,267,28,23,81
"354","21K540","JOHN DEWEY HIGH SCHOOL",2015,363,231,221,82,10,117,9,595,492,472,102,20,43,50
"355","21K559","LIFE ACADEMY HIGH SCHOOL FOR FILM AND MUSIC",2015,57,53,53,0,0,2,2,45,42,36,0,6,1,2
"356","21K572","EXPEDITIONARY LEARNING SCHOOL FOR COMMUNITY LEADERS",2015,67,53,51,0,2,4,8,50,41,39,0,2,1,8
"357","21K620","WILLIAM E. GRADY CAREER AND TECHNICAL EDUCATION HIGH S",2015,119,68,62,2,6,32,14,249,184,163,11,21,15,43
"358","21K690","BROOKLYN STUDIO SECONDARY SCHOOL",2015,151,108,103,19,5,37,6,151,126,111,13,15,4,19
"359","21K728","LIBERATION DIPLOMA PLUS",2015,74,9,9,0,0,44,20,126,47,40,0,7,26,52
"360","22K405","MIDWOOD HIGH SCHOOL",2015,807,723,716,449,7,64,16,974,891,856,447,35,23,47
"361","22K425","JAMES MADISON HIGH SCHOOL",2015,714,550,526,195,24,105,57,810,661,630,217,31,18,129
"362","22K495","SHEEPSHEAD BAY HIGH SCHOOL",2015,270,136,132,10,4,88,41,485,302,287,14,15,41,125
"363","22K535","LEON M. GOLDSTEIN HIGH SCHOOL FOR THE SCIENCES",2015,252,238,235,167,3,14,0,247,241,237,156,4,2,4
"364","22K555","BROOKLYN COLLEGE ACADEMY",2015,154,150,150,68,0,4,0,4,NA,NA,NA,NA,NA,NA
"365","22K630","PROFESSIONAL PATHWAYS HIGH SCHOOL",2015,93,19,17,0,2,69,5,31,16,9,0,7,10,5
"366","23K493","BROOKLYN COLLEGIATE: A COLLEGE BOARD SCHOOL",2015,87,49,44,2,5,32,5,83,62,58,5,4,6,14
"367","23K514","FREDERICK DOUGLASS ACADEMY VII HIGH SCHOOL",2015,80,44,40,3,4,28,8,77,56,51,4,5,6,13
"368","23K643","BROOKLYN DEMOCRACY ACADEMY",2015,65,9,5,0,4,41,14,107,47,38,0,9,22,38
"369","23K644","EAGLE ACADEMY FOR YOUNG MEN II",2015,58,53,46,3,7,4,1,NA,NA,NA,NA,NA,NA,NA
"370","23K646","ASPIRATIONS DIPLOMA PLUS HIGH SCHOOL",2015,103,15,9,0,6,64,22,139,56,46,0,10,25,53
"371","23K647","METROPOLITAN DIPLOMA PLUS HIGH SCHOOL",2015,72,15,12,0,3,50,6,103,60,51,0,9,7,35
"372","23K697","TEACHERS PREPARATORY HIGH SCHOOL",2015,83,51,49,7,2,19,9,89,75,65,12,10,7,5
"373","24Q264","ACADEMY OF FINANCE AND ENTERPRISE",2015,123,114,114,74,0,9,0,106,101,101,54,0,1,3
"374","24Q267","HIGH SCHOOL OF APPLIED COMMUNICATION",2015,101,83,83,25,0,10,8,84,73,65,18,8,5,6
"375","24Q293","CIVIC LEADERSHIP ACADEMY",2015,121,104,101,30,3,8,7,114,102,100,19,2,1,10
"376","24Q296","PAN AMERICAN INTERNATIONAL HIGH SCHOOL",2015,90,60,59,0,1,19,11,85,65,64,0,1,3,16
"377","24Q299","BARD HIGH SCHOOL EARLY COLLEGE QUEENS",2015,170,164,164,0,0,6,0,140,138,138,0,0,1,1
"378","24Q455","NEWTOWN HIGH SCHOOL",2015,453,257,245,26,12,112,67,740,501,456,66,45,43,171
"379","24Q485","GROVER CLEVELAND HIGH SCHOOL",2015,444,270,253,40,17,88,75,593,415,383,32,32,27,135
"380","24Q520","MIDDLE COLLEGE HIGH SCHOOL AT LAGUARDIA COMMUNITY COLL",2015,113,75,74,0,1,26,11,64,49,49,0,0,4,10
"381","24Q530","INTERNATIONAL HIGH SCHOOL AT LAGUARDIA COMMUNITY COLLE",2015,99,80,80,0,0,15,4,101,81,80,0,1,7,12
"382","24Q550","HIGH SCHOOL FOR ARTS AND BUSINESS",2015,240,217,215,49,2,12,10,162,148,142,17,6,2,12
"383","24Q560","ROBERT F. WAGNER  JR. SECONDARY SCHOOL FOR ARTS AND TE",2015,121,99,94,1,5,19,2,105,97,93,8,4,2,4
"384","24Q585","MASPETH HIGH SCHOOL",2015,230,223,222,69,1,3,4,NA,NA,NA,NA,NA,NA,NA
"385","24Q600","QUEENS VOCATIONAL AND TECHNICAL HIGH SCHOOL",2015,368,273,265,38,8,67,26,329,288,270,20,18,10,27
"386","24Q610","AVIATION CAREER & TECHNICAL EDUCATION HIGH SCHOOL",2015,515,440,432,235,8,65,5,486,459,447,163,12,5,17
"387","24Q744","VOYAGES PREPARATORY",2015,77,10,9,0,1,54,11,145,63,62,0,1,23,52
"388","25Q252","QUEENS SCHOOL OF INQUIRY  THE",2015,68,63,63,26,0,3,2,75,73,72,21,1,1,1
"389","25Q263","FLUSHING INTERNATIONAL HIGH SCHOOL",2015,96,64,64,0,0,22,10,98,83,82,0,1,4,11
"390","25Q281","EAST-WEST SCHOOL OF INTERNATIONAL STUDIES",2015,104,92,89,27,3,9,2,92,88,84,33,4,0,4
"391","25Q285","WORLD JOURNALISM PREPARATORY: A COLLEGE BOARD SCHOOL",2015,93,85,80,4,5,7,1,79,74,69,5,5,0,5
"392","25Q425","JOHN BOWNE HIGH SCHOOL",2015,909,616,596,138,20,205,77,909,684,646,137,38,44,167
"393","25Q460","FLUSHING HIGH SCHOOL",2015,696,389,377,49,12,186,104,788,550,525,69,25,33,193
"394","25Q525","TOWNSEND HARRIS HIGH SCHOOL",2015,310,310,310,307,0,0,0,268,268,268,262,0,0,0
"395","25Q540","QUEENS ACADEMY HIGH SCHOOL",2015,158,17,14,1,3,119,22,281,144,124,1,20,45,88
"396","25Q670","ROBERT F. KENNEDY COMMUNITY HIGH SCHOOL",2015,158,134,122,28,12,13,10,175,157,147,29,10,9,8
"397","25Q792","NORTH QUEENS COMMUNITY HIGH SCHOOL",2015,82,11,7,0,4,53,18,94,51,41,0,10,7,33
"398","26Q415","BENJAMIN N. CARDOZO HIGH SCHOOL",2015,861,762,743,350,19,69,25,1001,917,877,405,40,17,46
"399","26Q430","FRANCIS LEWIS HIGH SCHOOL",2015,1046,841,821,515,20,160,37,1150,1028,971,588,57,9,92
"400","26Q435","MARTIN VAN BUREN HIGH SCHOOL",2015,510,270,257,15,13,171,56,638,403,373,38,30,21,192
"401","26Q495","BAYSIDE HIGH SCHOOL",2015,687,614,577,240,37,43,20,890,848,811,417,37,3,30
"402","26Q566","QUEENS HIGH SCHOOL OF TEACHING  LIBERAL ARTS AND THE S",2015,275,247,212,20,35,19,9,292,273,243,25,30,3,14
"403","27Q260","FREDERICK DOUGLASS ACADEMY VI HIGH SCHOOL",2015,83,33,33,0,0,32,18,98,63,60,0,3,4,25
"404","27Q261","VOYAGES PREP - SOUTH QUEENS",2015,92,12,12,0,0,65,15,30,13,13,0,0,10,7
"405","27Q262","CHANNEL VIEW SCHOOL FOR RESEARCH",2015,111,88,83,2,5,18,5,91,85,79,9,6,0,5
"406","27Q302","QUEENS HIGH SCHOOL FOR INFORMATION  RESEARCH  AND TECH",2015,83,42,38,2,4,24,17,89,59,52,0,7,2,24
"407","27Q308","ROBERT H. GODDARD HIGH SCHOOL OF COMMUNICATION ARTS AN",2015,147,134,127,30,7,9,2,134,124,117,19,7,0,9
"408","27Q309","ACADEMY OF MEDICAL TECHNOLOGY: A COLLEGE BOARD SCHOOL",2015,103,64,63,9,1,28,9,63,47,45,1,2,2,13
"409","27Q323","SCHOLARS' ACADEMY",2015,118,117,117,114,0,0,1,96,96,96,93,0,0,0
"410","27Q324","ROCKAWAY PARK HIGH SCHOOL FOR ENVIRONMENTAL SUSTAINABI",2015,89,47,40,1,7,24,16,5,NA,NA,NA,NA,NA,NA
"411","27Q351","ROCKAWAY COLLEGIATE HIGH SCHOOL",2015,96,47,45,3,2,37,12,2,NA,NA,NA,NA,NA,NA
"412","27Q400","AUGUST MARTIN HIGH SCHOOL",2015,162,39,34,0,5,85,32,267,161,145,2,16,20,75
"413","27Q475","RICHMOND HILL HIGH SCHOOL",2015,566,294,278,12,16,154,109,687,476,447,28,29,42,155
"414","27Q480","JOHN ADAMS HIGH SCHOOL",2015,783,463,437,47,26,183,123,949,609,567,44,42,34,290
"415","27Q650","HIGH SCHOOL FOR CONSTRUCTION TRADES  ENGINEERING AND A",2015,233,220,216,93,4,7,6,224,220,217,85,3,2,2
"416","28Q284","YORK EARLY COLLEGE ACADEMY",2015,70,65,65,39,0,4,1,70,69,69,23,0,0,0
"417","28Q310","QUEENS COLLEGIATE: A COLLEGE BOARD SCHOOL",2015,103,75,74,16,1,25,3,101,87,84,17,3,3,10
"418","28Q325","HILLSIDE ARTS & LETTERS ACADEMY",2015,100,76,75,10,1,19,4,1,NA,NA,NA,NA,NA,NA
"419","28Q328","HIGH SCHOOL FOR COMMUNITY LEADERSHIP",2015,87,69,69,11,0,9,7,3,NA,NA,NA,NA,NA,NA
"420","28Q338","QUEENS SATELLITE HIGH SCHOOL FOR OPPORTUNITY",2015,88,2,2,0,0,43,42,127,28,22,0,6,7,89
"421","28Q350","JAMAICA GATEWAY TO THE SCIENCES",2015,131,117,116,45,1,10,3,42,40,40,20,0,1,1
"422","28Q440","FOREST HILLS HIGH SCHOOL",2015,967,822,796,382,26,99,42,1090,1000,967,416,33,6,71
"423","28Q505","HILLCREST HIGH SCHOOL",2015,765,524,506,107,18,174,63,754,612,587,90,25,20,113
"424","28Q620","THOMAS A. EDISON CAREER AND TECHNICAL EDUCATION HIGH S",2015,508,436,430,230,6,60,10,571,507,478,206,29,10,40
"425","28Q680","QUEENS GATEWAY TO HEALTH SCIENCES SECONDARY SCHOOL",2015,133,127,127,79,0,5,1,127,125,125,70,0,1,1
"426","28Q686","QUEENS METROPOLITAN HIGH SCHOOL",2015,256,233,226,52,7,11,11,5,NA,NA,NA,NA,NA,NA
"427","28Q687","QUEENS HIGH SCHOOL FOR THE SCIENCES AT YORK COLLEGE",2015,97,95,95,93,0,2,0,98,98,98,91,0,0,0
"428","28Q690","HIGH SCHOOL FOR LAW ENFORCEMENT AND PUBLIC SAFETY",2015,135,100,92,10,8,27,8,121,105,94,2,11,2,13
"429","28Q896","YOUNG WOMEN'S LEADERSHIP SCHOOL  QUEENS",2015,73,63,60,11,3,8,2,48,45,44,7,1,0,3
"430","29Q248","QUEENS PREPARATORY ACADEMY",2015,122,92,89,0,3,25,4,86,65,61,4,4,8,12
"431","29Q259","PATHWAYS COLLEGE PREPARATORY SCHOOL: A COLLEGE BOARD S",2015,87,61,57,1,4,23,2,61,54,51,5,3,1,5
"432","29Q265","EXCELSIOR PREPARATORY HIGH SCHOOL",2015,106,74,68,12,6,23,8,101,88,75,13,13,5,7
"433","29Q272","GEORGE WASHINGTON CARVER HIGH SCHOOL FOR THE SCIENCES",2015,137,95,94,22,1,34,8,94,86,77,4,9,1,6
"434","29Q283","PREPARATORY ACADEMY FOR WRITERS: A COLLEGE BOARD SCHOO",2015,81,60,57,7,3,21,0,54,45,45,4,0,3,6
"435","29Q326","CAMBRIA HEIGHTS ACADEMY",2015,81,58,55,3,3,20,3,2,NA,NA,NA,NA,NA,NA
"436","29Q492","MATHEMATICS  SCIENCE RESEARCH AND TECHNOLOGY MAGNET HI",2015,90,58,54,0,4,25,7,109,89,87,10,2,6,13
"437","29Q494","LAW  GOVERNMENT AND COMMUNITY SERVICE HIGH SCHOOL",2015,72,46,42,2,4,19,6,63,43,40,2,3,3,15
"438","29Q496","BUSINESS  COMPUTER APPLICATIONS & ENTREPRENEURSHIP HIG",2015,64,34,32,3,2,21,8,85,46,34,0,12,4,33
"439","29Q498","HUMANITIES & ARTS MAGNET HIGH SCHOOL",2015,123,87,81,9,6,27,8,78,64,58,3,6,0,13
"440","30Q286","YOUNG WOMEN'S LEADERSHIP SCHOOL  ASTORIA",2015,74,71,71,18,0,2,0,82,80,80,16,0,0,1
"441","30Q301","ACADEMY FOR CAREERS IN TELEVISION AND FILM",2015,100,98,90,20,8,2,0,90,88,79,9,9,0,1
"442","30Q445","WILLIAM CULLEN BRYANT HIGH SCHOOL",2015,620,418,405,79,13,132,61,764,574,550,134,24,27,145
"443","30Q450","LONG ISLAND CITY HIGH SCHOOL",2015,632,392,376,43,16,154,71,852,597,566,89,31,38,174
"444","30Q501","FRANK SINATRA SCHOOL OF THE ARTS HIGH SCHOOL",2015,172,163,163,99,0,9,0,223,221,220,81,1,1,0
"445","30Q502","INFORMATION TECHNOLOGY HIGH SCHOOL",2015,232,170,158,15,12,39,20,202,167,154,19,13,5,28
"446","30Q555","NEWCOMERS HIGH SCHOOL",2015,274,195,193,54,2,38,41,281,217,214,72,3,9,55
"447","30Q575","ACADEMY OF AMERICAN STUDIES",2015,177,156,154,61,2,16,4,179,175,171,65,4,0,4
"448","30Q580","BACCALAUREATE SCHOOL FOR GLOBAL EDUCATION",2015,68,68,68,37,0,0,0,53,53,53,21,0,0,0
"449","31R047","CSI HIGH SCHOOL FOR INTERNATIONAL STUDIES",2015,120,115,107,20,8,2,2,120,116,110,19,6,0,3
"450","31R064","GAYNOR MCCOWN EXPEDITIONARY LEARNING SCHOOL",2015,111,89,81,6,8,19,2,81,72,59,1,13,2,7
"451","31R080","THE MICHAEL J. PETRIDES SCHOOL",2015,120,98,85,25,13,12,4,130,123,113,43,10,3,2
"452","31R440","NEW DORP HIGH SCHOOL",2015,690,525,483,117,42,111,47,647,515,463,102,52,24,98
"453","31R445","PORT RICHMOND HIGH SCHOOL",2015,479,292,269,35,23,90,77,551,379,347,59,32,13,113
"454","31R450","CURTIS HIGH SCHOOL",2015,577,436,362,85,74,63,62,606,490,422,129,68,13,90
"455","31R455","TOTTENVILLE HIGH SCHOOL",2015,982,848,787,289,61,91,37,910,809,744,257,65,26,65
"456","31R460","SUSAN E. WAGNER HIGH SCHOOL",2015,776,594,555,213,39,109,57,798,680,635,209,45,19,74
"457","31R470","CONCORD HIGH SCHOOL",2015,83,18,9,0,9,43,16,105,57,39,0,18,8,32
"458","31R600","RALPH R. MCKEE CAREER AND TECHNICAL EDUCATION HIGH SCH",2015,106,63,53,3,10,21,16,166,116,97,16,19,8,33
"459","31R605","STATEN ISLAND TECHNICAL HIGH SCHOOL",2015,295,292,292,289,0,3,0,283,283,283,275,0,0,0
"460","32K168","THE BROOKLYN SCHOOL FOR MATH AND RESEARCH",2015,34,25,23,3,2,7,2,NA,NA,NA,NA,NA,NA,NA
"461","32K403","ACADEMY FOR ENVIRONMENTAL LEADERSHIP",2015,80,55,45,10,10,12,13,93,76,54,2,22,2,15
"462","32K545","EBC HIGH SCHOOL FOR PUBLIC SERVICE - BUSHWICK",2015,119,72,64,2,8,35,10,136,113,101,7,12,5,17
"463","32K549","BUSHWICK SCHOOL FOR SOCIAL JUSTICE",2015,100,64,54,0,10,18,12,104,74,61,1,13,4,23
"464","32K552","ACADEMY OF URBAN PLANNING",2015,72,40,32,2,8,9,21,107,63,41,5,22,6,25
"465","32K554","ALL CITY LEADERSHIP SECONDARY SCHOOL",2015,40,34,34,7,0,6,0,34,33,33,3,0,0,1
"466","32K556","BUSHWICK LEADERS HIGH SCHOOL FOR ACADEMIC EXCELLENCE",2015,95,58,52,1,6,15,13,105,80,66,2,14,11,13
"467","32K564","BUSHWICK COMMUNITY HIGH SCHOOL",2015,98,9,9,0,0,61,28,195,86,65,0,21,24,79
"468","04M635",NA,NA,NA,NA,NA,NA,NA,NA,NA,41,27,24,0,3,0,12
"469","08X540",NA,NA,NA,NA,NA,NA,NA,NA,NA,57,25,18,0,7,4,21
"470","08X560",NA,NA,NA,NA,NA,NA,NA,NA,NA,10,NA,NA,NA,NA,NA,NA
"471","09X239",NA,NA,NA,NA,NA,NA,NA,NA,NA,41,19,12,0,7,2,19
"472","10X475",NA,NA,NA,NA,NA,NA,NA,NA,NA,261,126,115,3,11,24,91
"473","11X415",NA,NA,NA,NA,NA,NA,NA,NA,NA,216,112,100,6,12,27,66
"474","11X541",NA,NA,NA,NA,NA,NA,NA,NA,NA,101,57,51,0,6,4,32
"475","12X245",NA,NA,NA,NA,NA,NA,NA,NA,NA,48,19,19,0,0,0,25
"476","12X262",NA,NA,NA,NA,NA,NA,NA,NA,NA,63,17,13,0,4,8,26
"477","12X690",NA,NA,NA,NA,NA,NA,NA,NA,NA,81,44,41,2,3,11,24
"478","13K336",NA,NA,NA,NA,NA,NA,NA,NA,NA,6,NA,NA,NA,NA,NA,NA
"479","15K530",NA,NA,NA,NA,NA,NA,NA,NA,NA,44,25,19,0,6,4,15
"480","27Q410",NA,NA,NA,NA,NA,NA,NA,NA,NA,210,103,79,2,24,7,96
"481","28Q470",NA,NA,NA,NA,NA,NA,NA,NA,NA,188,102,100,4,2,7,68
