"","SCHOOL_NAME","YEAR","TOTAL","Asian_Per","Black_Per","Hispanic_Per","Indian_Per","White_Per","FreeReducedLunch_FTE_Per"
"1","ACAD OF ENVT SCI/MATH ELEM (4990)",2015,328,0,98.8,0.6,0,0.6,"*"
"2","ACAD OF ENVT SCI/MATH ELEM (4990)",2014,505,0.2,98.6,0.8,0,0.4,"*"
"3","ACAD OF ENVT SCI/MATH ELEM (4990)",2013,786,0.3,97.6,0.8,0.3,1.1,"*"
"4","ACAD OF ENVT SCI/MATH MIDDLE (3250)",2015,282,0.4,97.5,0,0,2.1,"*"
"5","ACAD OF ENVT SCI/MATH MIDDLE (3250)",2014,306,0,99.3,0,0.3,0.3,"*"
"6","ACAD OF ENVT SCI/MATH MIDDLE (3250)",2013,409,0,99,0.2,0.5,0.2,"*"
"7","ADAMS ELEM. (4000)",2015,278,0.4,96.4,0,0,3.2,"*"
"8","ADAMS ELEM. (4000)",2014,314,0.3,95.5,0,0,4.1,"*"
"9","ADAMS ELEM. (4000)",2013,279,0,97.5,0,0,2.5,"*"
"10","ADAMS ELEM. (4000)",2012,283,0,96.5,0.7,0,2.8,"*"
"11","ADAMS ELEM. (4000)",2011,291,0,97.6,0,0,2.4,"*"
"12","ADAMS ELEM. (4000)",2010,350,0.3,96.6,0,0,3.1,"93.7"
"13","ADAMS ELEM. (4000)",2009,303,0.3,93.1,0.3,0,6.3,"85.9"
"14","ADAMS ELEM. (4000)",2008,299,0.3,94.3,0.3,0,5,"85.1"
"15","AMES VISUAL/PERF. ARTS (4250)",2015,345,0,98.8,0.9,0,0.3,"*"
"16","AMES VISUAL/PERF. ARTS (4250)",2014,364,0,97.5,0.8,0.3,1.4,"94"
"17","AMES VISUAL/PERF. ARTS (4250)",2013,416,0,96.4,0.2,0.2,3.1,"*"
"18","AMES VISUAL/PERF. ARTS (4250)",2012,342,0,95.3,0.6,0.3,3.8,"93.6"
"19","AMES VISUAL/PERF. ARTS (4250)",2011,347,0.6,93.7,1.2,0.3,4.3,"90.8"
"20","AMES VISUAL/PERF. ARTS (4250)",2010,318,0.9,91.2,1.3,0.9,5.7,"91.7"
"21","AMES VISUAL/PERF. ARTS (4250)",2009,286,2.1,87.4,1,1,8.4,"71.3"
"22","AMES VISUAL/PERF. ARTS (4250)",2008,259,2.7,83.4,2.3,1.5,10,"76.5"
"23","ASHLAND ELEM. AND BR. (4060)",2015,329,0,100,0,0,0,"*"
"24","ASHLAND ELEM. AND BR. (4060)",2014,341,0,100,0,0,0,"*"
"25","ASHLAND ELEM. AND BR. (4060)",2013,336,0,99.4,0,0,0.6,"*"
"26","ASHLAND ELEM. AND BR. (4060)",2012,257,0,100,0,0,0,"*"
"27","ASHLAND ELEM. AND BR. (4060)",2011,291,0,100,0,0,0,"*"
"28","ASHLAND ELEM. AND BR. (4060)",2010,318,0,99.7,0,0,0.3,"91"
"29","ASHLAND ELEM. AND BR. (4060)",2009,329,0,99.4,0,0,0.6,"74.9"
"30","ASHLAND ELEM. AND BR. (4060)",2008,344,0,99.4,0,0,0.6,"85.6"
"31","BADEN ELEM. (4080)",2009,263,0.8,99.2,0,0,0,"72.2"
"32","BADEN ELEM. (4080)",2008,287,0,100,0,0,0,"79.3"
"33","BEAUMONT CTE HIGH SCHOOL (1250)",2015,442,0.9,90,1.6,0,7.5,"*"
"34","BEAUMONT CTE HIGH SCHOOL (1250)",2014,63,0,100,0,0,0,"82.3"
"35","BEAUMONT CTE HIGH SCHOOL (1250)",2013,152,0,99.3,0,0,0.7,"91.9"
"36","BEAUMONT CTE HIGH SCHOOL (1250)",2012,335,0,99.7,0,0,0.3,"83.9"
"37","BEAUMONT CTE HIGH SCHOOL (1250)",2011,714,0,99.9,0,0,0.1,"77.2"
"38","BEAUMONT CTE HIGH SCHOOL (1250)",2010,782,0,99.6,0.1,0,0.3,"79"
"39","BEAUMONT CTE HIGH SCHOOL (1250)",2009,899,0.1,99.3,0,0,0.6,"56.9"
"40","BEAUMONT CTE HIGH SCHOOL (1250)",2008,1062,0.3,99.3,0,0,0.4,"59.5"
"41","BIG PICTURE ELEM. ALT. (1021)",2009,63,0,96.8,0,0,3.2,"83.9"
"42","BIG PICTURE ELEM. ALT. (1021)",2008,58,0,94.8,0,0,5.2,"85.7"
"43","BIG PICTURE MIDDLE & HIGH @ NW (1023)",2011,121,0,94.2,0.8,0,5,"85"
"44","BIG PICTURE MIDDLE & HIGH @ NW (1023)",2010,139,0,95.7,0.7,0,3.6,"90.3"
"45","BIG PICTURE MIDDLE & HIGH @ NW (1023)",2009,85,0,89.4,0,0,10.6,"77.8"
"46","BIG PICTURE MIDDLE & HIGH @ NW (1023)",2008,65,0,92.3,0,0,7.7,"74.1"
"47","BIG PICTURE MIDDLE ALT. (1022)",2009,64,0,96.9,1.6,0,1.6,"70.1"
"48","BIG PICTURE MIDDLE ALT. (1022)",2008,60,0,96.7,0,0,3.3,"74.1"
"49","BLEWETT MIDDLE (3020)",2012,0,0,0,0,0,0,"*"
"50","BLEWETT MIDDLE (3020)",2011,0,0,0,0,0,0,"*"
"51","BLEWETT MIDDLE (3020)",2010,0,0,0,0,0,0,"*"
"52","BLEWETT MIDDLE (3020)",2009,167,0,100,0,0,0,"73.4"
"53","BLEWETT MIDDLE (3020)",2008,236,0,100,0,0,0,"89.8"
"54","BLOW MIDDLE (3040)",2008,202,3,78.2,5.4,0,13.4,"72.9"
"55","BRYAN HILL ELEM. (4180)",2015,184,0,98.4,0,0,1.6,"*"
"56","BRYAN HILL ELEM. (4180)",2014,170,0,98.8,0,0,1.2,"*"
"57","BRYAN HILL ELEM. (4180)",2013,187,0,98.4,0,0,1.6,"*"
"58","BRYAN HILL ELEM. (4180)",2012,168,0,99.4,0,0,0.6,"*"
"59","BRYAN HILL ELEM. (4180)",2011,165,0.6,98.2,0,0,1.2,"*"
"60","BRYAN HILL ELEM. (4180)",2010,176,1.1,98.9,0,0,0,"94.6"
"61","BRYAN HILL ELEM. (4180)",2009,167,1.2,98.8,0,0,0,"80"
"62","BRYAN HILL ELEM. (4180)",2008,180,0.6,99.4,0,0,0,"80.5"
"63","BUDER ELEM. (4200)",2015,325,1.5,31.4,6.5,0.6,60,"*"
"64","BUDER ELEM. (4200)",2014,315,2.2,30.8,5.7,0.3,61,"88.4"
"65","BUDER ELEM. (4200)",2013,349,2.3,25.5,4.6,0,67.6,"86.2"
"66","BUDER ELEM. (4200)",2012,345,3.2,22.9,7.2,0,66.7,"84.1"
"67","BUDER ELEM. (4200)",2011,327,1.8,21.7,8.3,0,68.2,"88.5"
"68","BUDER ELEM. (4200)",2010,339,2.7,27.1,6.2,0,64,"87.1"
"69","BUDER ELEM. (4200)",2009,324,2.8,26.5,5.2,0,65.4,"63.3"
"70","BUDER ELEM. (4200)",2008,362,3,26.2,5.5,0.6,64.6,"73.2"
"71","BUNCHE INTERNATIONAL STUDIES (3110)",2011,178,6.2,77.5,8.4,0,7.9,"94.2"
"72","BUNCHE INTERNATIONAL STUDIES (3110)",2010,294,5.8,75.9,7.8,0.3,10.2,"90.2"
"73","BUNCHE INTERNATIONAL STUDIES (3110)",2009,259,3.9,71.4,10.4,0.4,13.9,"79"
"74","BUNCHE INTERNATIONAL STUDIES (3110)",2008,244,4.9,65.2,13.1,0,16.8,"75.9"
"75","BUSCH MS CHARACTER & ATHLETICS (3050)",2015,349,4.3,46.7,8.9,0.3,39.8,"*"
"76","BUSCH MS CHARACTER & ATHLETICS (3050)",2014,330,4.8,38.8,9.1,0.6,46.7,"83.6"
"77","BUSCH MS CHARACTER & ATHLETICS (3050)",2013,353,3.4,41.4,9.1,0.3,45.9,"83.5"
"78","BUSCH MS CHARACTER & ATHLETICS (3050)",2012,346,2.9,44.8,8.1,0.3,43.9,"83.4"
"79","BUSCH MS CHARACTER & ATHLETICS (3050)",2011,307,3.6,49.2,3.9,0,43.3,"83.7"
"80","BUSCH MS CHARACTER & ATHLETICS (3050)",2010,266,2.6,46.6,4.1,0,46.6,"82"
"81","BUSCH MS CHARACTER & ATHLETICS (3050)",2009,277,1.4,55.6,3.2,0,39.7,"66.7"
"82","BUSCH MS CHARACTER & ATHLETICS (3050)",2008,238,0.8,56.3,3.8,0,39.1,"66.5"
"83","CARDINAL GLENNON HOSPITAL (6280)",2015,0,0,0,0,0,0,"*"
"84","CARDINAL GLENNON HOSPITAL (6280)",2014,0,0,0,0,0,0,"*"
"85","CARDINAL GLENNON HOSPITAL (6280)",2013,0,0,0,0,0,0,"*"
"86","CARDINAL GLENNON HOSPITAL (6280)",2012,0,0,0,0,0,0,"*"
"87","CARDINAL GLENNON HOSPITAL (6280)",2011,0,0,0,0,0,0,"*"
"88","CARDINAL GLENNON HOSPITAL (6280)",2010,0,0,0,0,0,0,"*"
"89","CARDINAL GLENNON HOSPITAL (6280)",2009,0,0,0,0,0,0,"*"
"90","CARDINAL GLENNON HOSPITAL (6280)",2008,10,0,70,0,0,30,"*"
"91","CARNAHAN SCH. OF THE FUTURE (1500)",2015,414,0.5,89.1,4.3,0.5,5.6,"*"
"92","CARNAHAN SCH. OF THE FUTURE (1500)",2014,374,0.3,86.6,4,0.3,8.8,"85"
"93","CARNAHAN SCH. OF THE FUTURE (1500)",2013,344,0.3,87.8,3.8,0.3,7.8,"83.8"
"94","CARNAHAN SCH. OF THE FUTURE (1500)",2012,376,0.5,86.4,2.9,0,10.1,"89.4"
"95","CARNAHAN SCH. OF THE FUTURE (1500)",2011,354,0.8,87.9,2.3,0,9,"83.7"
"96","CARNAHAN SCH. OF THE FUTURE (1500)",2010,393,1,88,2,0.3,8.7,"85.2"
"97","CARNAHAN SCH. OF THE FUTURE (1500)",2009,290,1.7,85.9,1.7,0,10.7,"85.7"
"98","CARNAHAN SCH. OF THE FUTURE (1500)",2008,198,1.5,86.9,1,0,10.6,"72.2"
"99","CARR LANE VPA MIDDLE (3070)",2015,557,0.2,93.7,1.8,0.5,3.8,"*"
"100","CARR LANE VPA MIDDLE (3070)",2014,610,0.7,92.1,2.1,0.5,4.6,"93.1"
"101","CARR LANE VPA MIDDLE (3070)",2013,559,1.3,89.8,2.7,0.9,5.4,"*"
"102","CARR LANE VPA MIDDLE (3070)",2012,516,0.8,88.6,3.3,0.8,6.6,"88.2"
"103","CARR LANE VPA MIDDLE (3070)",2011,551,0.5,86.8,2.5,0.4,9.8,"87"
"104","CARR LANE VPA MIDDLE (3070)",2010,503,1.2,82.7,3.2,0.8,12.1,"84.6"
"105","CARR LANE VPA MIDDLE (3070)",2009,428,0.9,79.2,3,0.7,16.1,"70.8"
"106","CARR LANE VPA MIDDLE (3070)",2008,480,1,80,2.7,0.8,15.4,"77.9"
"107","CENTRAL VISUAL/PERF. ARTS HIGH (1860)",2015,396,1,81.8,3.3,0.8,13.1,"*"
"108","CENTRAL VISUAL/PERF. ARTS HIGH (1860)",2014,402,0.7,82.6,1.7,0.5,14.4,"85.4"
"109","CENTRAL VISUAL/PERF. ARTS HIGH (1860)",2013,388,1.5,76.3,1.8,0.3,20.1,"79.1"
"110","CENTRAL VISUAL/PERF. ARTS HIGH (1860)",2012,423,2.1,72.8,2.4,0.2,22.5,"78.2"
"111","CENTRAL VISUAL/PERF. ARTS HIGH (1860)",2011,522,2.5,72.4,3.3,0,21.8,"83.5"
"112","CENTRAL VISUAL/PERF. ARTS HIGH (1860)",2010,694,1.9,73.5,3.2,0.1,21.3,"80.9"
"113","CENTRAL VISUAL/PERF. ARTS HIGH (1860)",2009,781,1.8,71.7,2,0.3,24.2,"63.2"
"114","CENTRAL VISUAL/PERF. ARTS HIGH (1860)",2008,688,1.9,69.2,2.9,0.1,25.9,"58"
"115","CLARK ELEM. (4320)",2009,197,0,96.4,1,0,2.5,"58.9"
"116","CLARK ELEM. (4320)",2008,184,0,97.3,2.2,0.5,0,"74.9"
"117","CLAY ELEM. (4360)",2015,164,0.6,97.6,0,0,1.8,"*"
"118","CLAY ELEM. (4360)",2014,145,0,99.3,0,0,0.7,"*"
"119","CLAY ELEM. (4360)",2013,139,0,97.1,0,0,2.9,"*"
"120","CLAY ELEM. (4360)",2012,125,0,96.8,0,0,3.2,"*"
"121","CLAY ELEM. (4360)",2011,152,0,99.3,0,0,0.7,"*"
"122","CLAY ELEM. (4360)",2010,183,0.5,97.3,0,0,2.2,"94.6"
"123","CLAY ELEM. (4360)",2009,181,0.6,97.2,0,0,2.2,"87.9"
"124","CLAY ELEM. (4360)",2008,227,2.2,95.2,0,0,2.6,"85.8"
"125","CLEVELAND NJROTC ACADEMY (1440)",2015,290,2.4,74.1,7.9,0.3,15.2,"*"
"126","CLEVELAND NJROTC ACADEMY (1440)",2014,299,2.7,73.6,5.4,0.7,17.7,"80.8"
"127","CLEVELAND NJROTC ACADEMY (1440)",2013,279,3.6,74.6,5.7,0.4,15.8,"85.3"
"128","CLEVELAND NJROTC ACADEMY (1440)",2012,260,4.2,70.8,6.5,0.8,17.7,"88.3"
"129","CLEVELAND NJROTC ACADEMY (1440)",2011,257,2.7,73.5,6.2,1.2,16.3,"82.7"
"130","CLEVELAND NJROTC ACADEMY (1440)",2010,238,2.9,74.4,5,0.8,16.8,"82.4"
"131","CLEVELAND NJROTC ACADEMY (1440)",2009,268,2.6,65.3,6.3,0.7,25,"57.1"
"132","CLEVELAND NJROTC ACADEMY (1440)",2008,347,2.9,65.4,4.9,0.6,26.2,"55.8"
"133","COLE ELEM. (4400)",2015,382,0.8,97.4,0.5,0,1.3,"*"
"134","COLE ELEM. (4400)",2014,339,0.3,98.2,0.3,0,1.2,"*"
"135","COLE ELEM. (4400)",2013,299,0.3,98.7,0.3,0,0.7,"93"
"136","COLE ELEM. (4400)",2012,214,0.9,98.1,0,0,0.9,"93.2"
"137","COLE ELEM. (4400)",2011,156,0,100,0,0,0,"*"
"138","COLE ELEM. (4400)",2010,158,0,99.4,0,0,0.6,"*"
"139","COLE ELEM. (4400)",2009,166,0,99.4,0,0,0.6,"80.4"
"140","COLE ELEM. (4400)",2008,200,0,99.5,0,0,0.5,"86.8"
"141","COLLEGIATE SCHOOL OF MED/BIO (1510)",2015,110,19.1,56.4,1.8,0.9,21.8,"*"
"142","COLLEGIATE SCHOOL OF MED/BIO (1510)",2014,61,24.6,44.3,1.6,0,29.5,"47.4"
"143","COLUMBIA ELEM. COMM. ED. CTR. (4420)",2015,182,0,99.5,0,0,0.5,"*"
"144","COLUMBIA ELEM. COMM. ED. CTR. (4420)",2014,221,0.5,99.5,0,0,0,"93.6"
"145","COLUMBIA ELEM. COMM. ED. CTR. (4420)",2013,198,0,100,0,0,0,"*"
"146","COLUMBIA ELEM. COMM. ED. CTR. (4420)",2012,174,0,100,0,0,0,"*"
"147","COLUMBIA ELEM. COMM. ED. CTR. (4420)",2011,185,0,99.5,0.5,0,0,"92.7"
"148","COLUMBIA ELEM. COMM. ED. CTR. (4420)",2010,179,0.6,99.4,0,0,0,"*"
"149","COLUMBIA ELEM. COMM. ED. CTR. (4420)",2009,200,0.5,99.5,0,0,0,"74.9"
"150","COLUMBIA ELEM. COMM. ED. CTR. (4420)",2008,193,0,100,0,0,0,"60.8"
"151","COMMUNITY ACCESS JOB TRAINING (1222)",2015,136,2.9,73.5,2.9,0.7,19.9,"*"
"152","COMMUNITY ACCESS JOB TRAINING (1222)",2014,119,2.5,68.9,2.5,0,26.1,"87.5"
"153","COMMUNITY ACCESS JOB TRAINING (1222)",2013,132,2.3,78.8,3,0,15.9,"84.4"
"154","COMMUNITY ACCESS JOB TRAINING (1222)",2012,123,2.4,80.5,0.8,0,16.3,"87.6"
"155","COMMUNITY ACCESS JOB TRAINING (1222)",2011,131,3.1,83.2,1.5,0,12.2,"90.6"
"156","COMMUNITY ACCESS JOB TRAINING (1222)",2010,141,0.7,81.6,1.4,0,16.3,"86.7"
"157","COMMUNITY ACCESS JOB TRAINING (1222)",2009,131,0.8,84.7,1.5,0,13,"79.4"
"158","COMMUNITY ACCESS JOB TRAINING (1222)",2008,145,0,85.5,1.4,0,13.1,"71"
"159","COMPTON-DREW ILC MIDDLE (3390)",2015,496,1.2,83.1,5.4,1,9.3,"*"
"160","COMPTON-DREW ILC MIDDLE (3390)",2014,522,2.3,80.7,5.7,1,10.3,"86.5"
"161","COMPTON-DREW ILC MIDDLE (3390)",2013,535,3.4,77.9,4.9,1.3,12.5,"82.4"
"162","COMPTON-DREW ILC MIDDLE (3390)",2012,531,2.6,77,5.6,0.6,14.1,"81.5"
"163","COMPTON-DREW ILC MIDDLE (3390)",2011,470,1.7,76.2,4.3,0.9,17,"78"
"164","COMPTON-DREW ILC MIDDLE (3390)",2010,427,1.4,70.7,5.4,0.5,22,"77.3"
"165","COMPTON-DREW ILC MIDDLE (3390)",2009,415,2.7,69.6,3.6,0.7,23.4,"74.1"
"166","COMPTON-DREW ILC MIDDLE (3390)",2008,439,1.1,72,3.2,0.7,23,"76.6"
"167","COTE BRILLIANTE ELEM. (4440)",2015,235,0,98.3,0,0,1.7,"*"
"168","COTE BRILLIANTE ELEM. (4440)",2014,216,0,99.1,0,0,0.9,"*"
"169","COTE BRILLIANTE ELEM. (4440)",2013,175,0,99.4,0.6,0,0,"*"
"170","COTE BRILLIANTE ELEM. (4440)",2012,166,0,95.8,2.4,0,1.8,"*"
"171","COTE BRILLIANTE ELEM. (4440)",2011,178,0.6,97.8,0,0,1.7,"*"
"172","COTE BRILLIANTE ELEM. (4440)",2010,204,0,99,0,0,1,"93.9"
"173","COTE BRILLIANTE ELEM. (4440)",2009,205,1.5,98.5,0,0,0,"81.6"
"174","COTE BRILLIANTE ELEM. (4440)",2008,261,2.7,96.9,0,0,0.4,"81.3"
"175","DEWEY SCH.-INTERNAT'L. STUDIES (4470)",2015,371,1.1,81.4,10,0,7.5,"*"
"176","DEWEY SCH.-INTERNAT'L. STUDIES (4470)",2014,378,0.5,78,10.8,0.3,10.3,"87.6"
"177","DEWEY SCH.-INTERNAT'L. STUDIES (4470)",2013,418,0.5,74.4,11.7,1,12.4,"86.8"
"178","DEWEY SCH.-INTERNAT'L. STUDIES (4470)",2012,411,1.2,73,10.9,0.7,14.1,"87.1"
"179","DEWEY SCH.-INTERNAT'L. STUDIES (4470)",2011,426,2.8,67.6,12,0.5,17.1,"80.6"
"180","DEWEY SCH.-INTERNAT'L. STUDIES (4470)",2010,427,4,65.1,9.4,0.2,21.3,"76.8"
"181","DEWEY SCH.-INTERNAT'L. STUDIES (4470)",2009,441,5.9,62.6,7.9,0.7,22.9,"57.6"
"182","DEWEY SCH.-INTERNAT'L. STUDIES (4470)",2008,414,6.3,63.5,8.2,1.7,20.3,"62.7"
"183","DUNBAR AND BR. (4480)",2015,194,0.5,99,0,0.5,0,"*"
"184","DUNBAR AND BR. (4480)",2014,203,0,100,0,0,0,"*"
"185","DUNBAR AND BR. (4480)",2013,202,0,100,0,0,0,"*"
"186","DUNBAR AND BR. (4480)",2012,198,0,100,0,0,0,"*"
"187","DUNBAR AND BR. (4480)",2011,188,0,100,0,0,0,"*"
"188","DUNBAR AND BR. (4480)",2010,193,0.5,99.5,0,0,0,"93.7"
"189","DUNBAR AND BR. (4480)",2009,241,0,99.6,0,0,0.4,"73.5"
"190","DUNBAR AND BR. (4480)",2008,232,0.4,99.1,0,0,0.4,"74.8"
"191","EARL NANCE SR. ELEM. (5610)",2015,335,0,99.7,0,0,0.3,"*"
"192","EARL NANCE SR. ELEM. (5610)",2014,383,0,99.7,0,0,0.3,"94.2"
"193","EARL NANCE SR. ELEM. (5610)",2013,361,0,99.7,0,0,0.3,"*"
"194","EARL NANCE SR. ELEM. (5610)",2012,355,0,99.7,0,0,0.3,"93.7"
"195","EARL NANCE SR. ELEM. (5610)",2011,400,0,99.8,0,0,0.3,"86.5"
"196","EARL NANCE SR. ELEM. (5610)",2010,359,0,99.7,0,0.3,0,"87.9"
"197","EARL NANCE SR. ELEM. (5610)",2009,307,0,99.7,0,0,0.3,"74.6"
"198","EARL NANCE SR. ELEM. (5610)",2008,286,0,100,0,0,0,"83.1"
"199","ELIAS MICHAEL ELEM. (5520)",2015,56,0,82.1,5.4,0,12.5,"*"
"200","ELIAS MICHAEL ELEM. (5520)",2014,58,1.7,81,8.6,0,8.6,"91.4"
"201","ELIAS MICHAEL ELEM. (5520)",2013,50,2,78,8,0,12,"90.4"
"202","ELIAS MICHAEL ELEM. (5520)",2012,54,1.9,81.5,5.6,0,11.1,"89.1"
"203","ELIAS MICHAEL ELEM. (5520)",2011,44,0,86.4,6.8,0,6.8,"87.8"
"204","ELIAS MICHAEL ELEM. (5520)",2010,45,0,88.9,4.4,0,6.7,"80"
"205","ELIAS MICHAEL ELEM. (5520)",2009,39,2.6,82.1,5.1,0,10.3,"68.3"
"206","ELIAS MICHAEL ELEM. (5520)",2008,36,2.8,80.6,2.8,0,13.9,"68.8"
"207","EXTERNAL LOCATION (9990)",2015,0,0,0,0,0,0,"*"
"208","EXTERNAL LOCATION (9990)",2014,0,0,0,0,0,0,"*"
"209","EXTERNAL LOCATION (9990)",2013,0,0,0,0,0,0,"*"
"210","EXTERNAL LOCATION (9990)",2012,0,0,0,0,0,0,"*"
"211","EXTERNAL LOCATION (9990)",2011,0,0,0,0,0,0,"*"
"212","EXTERNAL LOCATION (9990)",2010,0,0,0,0,0,0,"*"
"213","EXTERNAL LOCATION (9990)",2009,0,0,0,0,0,0,"*"
"214","EXTERNAL LOCATION (9990)",2008,0,0,0,0,0,0,"*"
"215","FANNING MIDDLE COMMUNITY ED. (3140)",2015,375,5.1,88.3,3.2,0,3.5,"*"
"216","FANNING MIDDLE COMMUNITY ED. (3140)",2014,389,6.7,85.9,3.6,0,3.9,"*"
"217","FANNING MIDDLE COMMUNITY ED. (3140)",2013,340,6.5,84.7,2.9,0,5.9,"*"
"218","FANNING MIDDLE COMMUNITY ED. (3140)",2012,374,6.1,83.2,5.6,0,5.1,"*"
"219","FANNING MIDDLE COMMUNITY ED. (3140)",2011,353,7.1,83,4,0,5.9,"93.5"
"220","FANNING MIDDLE COMMUNITY ED. (3140)",2010,378,6.6,86,2.1,0,5.3,"87.8"
"221","FANNING MIDDLE COMMUNITY ED. (3140)",2009,333,3.9,85,3.3,0,7.8,"76.2"
"222","FANNING MIDDLE COMMUNITY ED. (3140)",2008,289,6.2,80.6,4.2,0,9,"82.7"
"223","FARRAGUT ELEM. (4580)",2015,164,0,100,0,0,0,"*"
"224","FARRAGUT ELEM. (4580)",2014,185,0,100,0,0,0,"92.8"
"225","FARRAGUT ELEM. (4580)",2013,177,0,100,0,0,0,"*"
"226","FARRAGUT ELEM. (4580)",2012,166,0,100,0,0,0,"*"
"227","FARRAGUT ELEM. (4580)",2011,171,0.6,99.4,0,0,0,"*"
"228","FARRAGUT ELEM. (4580)",2010,174,0.6,99.4,0,0,0,"*"
"229","FARRAGUT ELEM. (4580)",2009,178,0,99.4,0,0,0.6,"71.6"
"230","FARRAGUT ELEM. (4580)",2008,202,0,100,0,0,0,"82.4"
"231","FORD-FORD BR. ELEM. COMM. ED. (4630)",2015,297,0,99.3,0.7,0,0,"*"
"232","FORD-FORD BR. ELEM. COMM. ED. (4630)",2014,249,0.4,99.2,0.4,0,0,"*"
"233","FORD-FORD BR. ELEM. COMM. ED. (4630)",2013,207,0.5,99.5,0,0,0,"*"
"234","FORD-FORD BR. ELEM. COMM. ED. (4630)",2012,214,0,99.5,0,0,0.5,"*"
"235","FORD-FORD BR. ELEM. COMM. ED. (4630)",2011,289,0,97.2,0,0,2.8,"*"
"236","FORD-FORD BR. ELEM. COMM. ED. (4630)",2010,356,0,98.9,0,0,1.1,"94.3"
"237","FORD-FORD BR. ELEM. COMM. ED. (4630)",2009,291,0,99.7,0,0,0.3,"83.5"
"238","FORD-FORD BR. ELEM. COMM. ED. (4630)",2008,288,0.7,99,0,0,0.3,"87.3"
"239","FROEBEL ELEM. (4660)",2015,316,2.2,93,1.3,1.3,2.2,"*"
"240","FROEBEL ELEM. (4660)",2014,350,3.4,92.6,0.9,0.6,2.6,"*"
"241","FROEBEL ELEM. (4660)",2013,326,4.9,87.4,1.8,0.6,5.2,"*"
"242","FROEBEL ELEM. (4660)",2012,285,4.2,88.8,1.1,0.7,5.3,"*"
"243","FROEBEL ELEM. (4660)",2011,300,3.7,88,2.3,0,6,"*"
"244","FROEBEL ELEM. (4660)",2010,337,1.8,88.1,3.6,0,6.5,"90.9"
"245","FROEBEL ELEM. (4660)",2009,262,2.7,89.3,1.5,0.4,6.1,"75.7"
"246","FROEBEL ELEM. (4660)",2008,273,2.2,87.9,2.6,0,7.3,"77.6"
"247","GALLAUDET SCH. FOR DEAF ELEM. (4720)",2011,0,0,0,0,0,0,"*"
"248","GALLAUDET SCH. FOR DEAF ELEM. (4720)",2010,47,4.3,74.5,4.3,0,17,"88.9"
"249","GALLAUDET SCH. FOR DEAF ELEM. (4720)",2009,41,0,78,2.4,0,19.5,"80"
"250","GALLAUDET SCH. FOR DEAF ELEM. (4720)",2008,41,4.9,82.9,0,0,12.2,"71.4"
"251","GATEWAY ELEM. (4730)",2015,511,0.4,94.3,2.9,0,2.3,"*"
"252","GATEWAY ELEM. (4730)",2014,540,0.6,94.3,2.8,0,2.4,"93.3"
"253","GATEWAY ELEM. (4730)",2013,545,0.9,93.8,2.9,0.2,2.2,"93.1"
"254","GATEWAY ELEM. (4730)",2012,509,1.8,89.6,3.3,0.2,5.1,"91"
"255","GATEWAY ELEM. (4730)",2011,436,2.1,86.2,2.8,1.1,7.8,"88.3"
"256","GATEWAY ELEM. (4730)",2010,462,3,80.3,3,1.9,11.7,"88.5"
"257","GATEWAY ELEM. (4730)",2009,443,3.8,75.6,4.5,2.5,13.5,"78.8"
"258","GATEWAY ELEM. (4730)",2008,464,3,73.9,4.7,3.2,15.1,"73.9"
"259","GATEWAY HIGH (1220)",2015,1121,8.7,59.6,8,0.3,23.5,"*"
"260","GATEWAY HIGH (1220)",2014,1158,9,59.3,7.3,0.3,24.1,"80.1"
"261","GATEWAY HIGH (1220)",2013,1177,8.8,59.9,5.9,0.3,25.1,"81.9"
"262","GATEWAY HIGH (1220)",2012,1200,7.8,60.9,4.8,0.2,26.3,"84.2"
"263","GATEWAY HIGH (1220)",2011,1165,6.2,62.3,4,0.3,27.2,"75.3"
"264","GATEWAY HIGH (1220)",2010,1123,4.7,67.6,3.3,0.3,24.1,"76.3"
"265","GATEWAY HIGH (1220)",2009,1154,4.9,69.1,2.9,0.5,22.6,"56.6"
"266","GATEWAY HIGH (1220)",2008,1213,5.1,67.7,1.8,0.7,24.7,"52.4"
"267","GATEWAY MIDDLE (3230)",2015,559,5,90,2,0.2,2.9,"*"
"268","GATEWAY MIDDLE (3230)",2014,592,3.7,87.8,2.5,0.7,5.2,"92"
"269","GATEWAY MIDDLE (3230)",2013,569,4,83.3,4.7,0.4,7.6,"91.4"
"270","GATEWAY MIDDLE (3230)",2012,481,4.2,81.5,5,0.8,8.5,"90.6"
"271","GATEWAY MIDDLE (3230)",2011,464,3.9,81.9,3.2,0.6,10.3,"87.9"
"272","GATEWAY MIDDLE (3230)",2010,437,5,77.8,3.4,0.9,12.8,"89"
"273","GATEWAY MIDDLE (3230)",2009,426,6.3,73,3.8,0.2,16.7,"73.4"
"274","GATEWAY MIDDLE (3230)",2008,375,7.2,71.5,5.1,0,16.3,"70.2"
"275","GRISCOM JUVENILE DETENTION CTR (1015)",2015,12,0,91.7,0,0,8.3,"*"
"276","GRISCOM JUVENILE DETENTION CTR (1015)",2011,43,2.3,95.3,0,0,2.3,"65.9"
"277","GRISCOM JUVENILE DETENTION CTR (1015)",2010,36,2.8,97.2,0,0,0,"48.1"
"278","GRISCOM JUVENILE DETENTION CTR (1015)",2009,23,0,95.7,0,0,4.3,"34.3"
"279","GRISCOM JUVENILE DETENTION CTR (1015)",2008,46,0,100,0,0,0,"*"
"280","GUNDLACH ELEM. (4760)",2008,216,0,100,0,0,0,"90"
"281","HAMILTON ELEM. COMMUNITY ED. (4780)",2015,350,0,99.7,0.3,0,0,"*"
"282","HAMILTON ELEM. COMMUNITY ED. (4780)",2014,366,0.8,98.6,0.5,0,0,"*"
"283","HAMILTON ELEM. COMMUNITY ED. (4780)",2013,323,0.6,97.2,1.9,0,0.3,"*"
"284","HAMILTON ELEM. COMMUNITY ED. (4780)",2012,231,1.3,97,0.9,0,0.9,"*"
"285","HAMILTON ELEM. COMMUNITY ED. (4780)",2011,297,1.7,96,1.3,0,1,"*"
"286","HAMILTON ELEM. COMMUNITY ED. (4780)",2010,344,2.3,94.8,0.9,0,2,"89.6"
"287","HAMILTON ELEM. COMMUNITY ED. (4780)",2009,278,1.1,97.8,0.7,0,0.4,"78.7"
"288","HAMILTON ELEM. COMMUNITY ED. (4780)",2008,214,1.4,98.1,0,0,0.5,"86.6"
"289","HENRY ELEM. (4880)",2015,182,0.5,99.5,0,0,0,"*"
"290","HENRY ELEM. (4880)",2014,181,1.1,98.3,0,0,0.6,"*"
"291","HENRY ELEM. (4880)",2013,215,0.9,97.7,0.5,0,0.9,"*"
"292","HENRY ELEM. (4880)",2012,212,2.4,96.7,0,0,0.9,"*"
"293","HENRY ELEM. (4880)",2011,280,1.1,96.4,0,0,2.5,"*"
"294","HENRY ELEM. (4880)",2010,231,1.3,90,0.4,0.4,7.8,"87.8"
"295","HENRY ELEM. (4880)",2009,165,1.2,92.1,0.6,0.6,5.5,"74.1"
"296","HENRY ELEM. (4880)",2008,189,0.5,97.9,0,0,1.6,"84.1"
"297","HERZOG ELEM. (4900)",2015,401,0,99.8,0.2,0,0,"*"
"298","HERZOG ELEM. (4900)",2014,389,0,99.7,0,0,0.3,"94.9"
"299","HERZOG ELEM. (4900)",2013,372,0,99.7,0,0,0.3,"*"
"300","HERZOG ELEM. (4900)",2012,369,0,99.5,0,0,0.5,"*"
"301","HERZOG ELEM. (4900)",2011,353,0,99.7,0,0,0.3,"94"
"302","HERZOG ELEM. (4900)",2010,387,0.3,99.7,0,0,0,"90.8"
"303","HERZOG ELEM. (4900)",2009,228,0,100,0,0,0,"72.1"
"304","HERZOG ELEM. (4900)",2008,247,0.4,99.2,0,0,0.4,"87.9"
"305","HICKEY ELEM. (4890)",2015,196,0,99,0,0,1,"*"
"306","HICKEY ELEM. (4890)",2014,212,0,100,0,0,0,"*"
"307","HICKEY ELEM. (4890)",2013,187,0.5,98.9,0,0,0.5,"*"
"308","HICKEY ELEM. (4890)",2012,207,0,99.5,0,0,0.5,"*"
"309","HICKEY ELEM. (4890)",2011,217,0.5,98.6,0,0.5,0.5,"*"
"310","HICKEY ELEM. (4890)",2010,260,0,99.6,0,0.4,0,"*"
"311","HICKEY ELEM. (4890)",2009,199,0,100,0,0,0,"67.1"
"312","HICKEY ELEM. (4890)",2008,225,1.3,97.3,0,0,1.3,"81.2"
"313","HODGEN ELEM. (4920)",2015,269,1.5,95.5,0.7,0.4,1.9,"*"
"314","HODGEN ELEM. (4920)",2014,280,1.8,96.1,0.7,0.4,1.1,"*"
"315","HODGEN ELEM. (4920)",2013,257,2.7,94.2,0,0.4,2.7,"94.3"
"316","HODGEN ELEM. (4920)",2012,233,1.7,95.3,0.4,0.4,2.1,"*"
"317","HODGEN ELEM. (4920)",2011,244,1.2,95.9,0.8,0,2,"94.2"
"318","HODGEN ELEM. (4920)",2010,223,0.4,97.3,0.4,0,1.8,"93.9"
"319","HODGEN ELEM. (4920)",2009,223,0,97.3,1.3,0,1.3,"80.2"
"320","HODGEN ELEM. (4920)",2008,201,0.5,98,1,0,0.5,"81.5"
"321","HUMBOLDT ACAD OF HIGHER LRNING (4960)",2015,315,0.6,92.7,1,0,5.7,"*"
"322","HUMBOLDT ACAD OF HIGHER LRNING (4960)",2014,298,0.7,89.3,1.7,0,8.4,"88.9"
"323","HUMBOLDT ACAD OF HIGHER LRNING (4960)",2013,280,0.7,86.8,2.1,0,10.4,"83.9"
"324","HUMBOLDT ACAD OF HIGHER LRNING (4960)",2012,166,0,83.7,1.8,0,14.5,"82"
"325","JEFFERSON ELEM. (5020)",2015,203,0,99,0,0,1,"*"
"326","JEFFERSON ELEM. (5020)",2014,214,0,96.7,1.4,0,1.9,"*"
"327","JEFFERSON ELEM. (5020)",2013,217,0,98.6,0,0,1.4,"*"
"328","JEFFERSON ELEM. (5020)",2012,202,0,100,0,0,0,"*"
"329","JEFFERSON ELEM. (5020)",2011,197,0,100,0,0,0,"94.7"
"330","JEFFERSON ELEM. (5020)",2010,214,0.5,99.5,0,0,0,"93.6"
"331","JEFFERSON ELEM. (5020)",2009,246,0,100,0,0,0,"87.3"
"332","JEFFERSON ELEM. (5020)",2008,286,0.3,99.7,0,0,0,"90.7"
"333","KENNARD/CLASSICAL JR. ACAD. (5030)",2015,357,9.2,30.5,1.7,0,58.5,"*"
"334","KENNARD/CLASSICAL JR. ACAD. (5030)",2014,369,8.4,31.4,1.4,0.3,58.5,"26.1"
"335","KENNARD/CLASSICAL JR. ACAD. (5030)",2013,344,6.1,36.3,1.2,0.3,56.1,"27.1"
"336","KENNARD/CLASSICAL JR. ACAD. (5030)",2012,312,7.1,33,1.6,0.3,58,"27"
"337","KENNARD/CLASSICAL JR. ACAD. (5030)",2011,348,7.5,35.1,1.4,0,56,"24.1"
"338","KENNARD/CLASSICAL JR. ACAD. (5030)",2010,388,7,39.7,1,0,52.3,"32.5"
"339","KENNARD/CLASSICAL JR. ACAD. (5030)",2009,350,4,49.7,0.9,0.3,45.1,"25.2"
"340","KENNARD/CLASSICAL JR. ACAD. (5030)",2008,368,5.2,46.2,1.9,0.5,46.2,"35.9"
"341","LACLEDE ELEM. (5060)",2015,280,0,98.9,0.4,0,0.7,"*"
"342","LACLEDE ELEM. (5060)",2014,248,0,98.8,0.4,0.8,0,"*"
"343","LACLEDE ELEM. (5060)",2013,212,0,99.5,0.5,0,0,"*"
"344","LACLEDE ELEM. (5060)",2012,183,0,99.5,0.5,0,0,"*"
"345","LACLEDE ELEM. (5060)",2011,245,0,99.6,0.4,0,0,"*"
"346","LACLEDE ELEM. (5060)",2010,256,0,99.6,0,0,0.4,"*"
"347","LACLEDE ELEM. (5060)",2009,246,0.4,98.4,0,0,1.2,"83.1"
"348","LACLEDE ELEM. (5060)",2008,258,0.4,98.4,0,0,1.2,"91.1"
"349","LANGSTON MIDDLE (3240)",2015,282,0,97.9,1.4,0,0.7,"*"
"350","LANGSTON MIDDLE (3240)",2014,278,0.4,98.6,0.4,0.4,0.4,"*"
"351","LANGSTON MIDDLE (3240)",2013,304,0.7,98.7,0,0.3,0.3,"*"
"352","LANGSTON MIDDLE (3240)",2012,298,1,97.3,1.3,0,0.3,"*"
"353","LANGSTON MIDDLE (3240)",2011,299,0.3,98,0,0,1.7,"*"
"354","LANGSTON MIDDLE (3240)",2010,348,0,98.9,0.3,0,0.9,"92"
"355","LANGSTON MIDDLE (3240)",2009,310,0.3,99.4,0,0,0.3,"84.6"
"356","LANGSTON MIDDLE (3240)",2008,311,0,99.7,0,0,0.3,"86.8"
"357","LEXINGTON ELEM. (5100)",2015,339,0,99.4,0,0,0.6,"*"
"358","LEXINGTON ELEM. (5100)",2014,321,0,100,0,0,0,"*"
"359","LEXINGTON ELEM. (5100)",2013,256,0,99.6,0,0,0.4,"*"
"360","LEXINGTON ELEM. (5100)",2012,255,0,99.2,0,0.4,0.4,"*"
"361","LEXINGTON ELEM. (5100)",2011,214,0,100,0,0,0,"*"
"362","LEXINGTON ELEM. (5100)",2010,254,0.8,98.8,0,0,0.4,"93.1"
"363","LEXINGTON ELEM. (5100)",2009,250,0,100,0,0,0,"82.9"
"364","LEXINGTON ELEM. (5100)",2008,285,0,100,0,0,0,"*"
"365","LONG MIDDLE COMMUNITY ED. CTR. (3260)",2015,239,13.8,46.4,10.5,0,29.3,"*"
"366","LONG MIDDLE COMMUNITY ED. CTR. (3260)",2014,245,11.4,41.2,7.8,0,39.6,"90.1"
"367","LONG MIDDLE COMMUNITY ED. CTR. (3260)",2013,258,9.7,46.9,7,0,36.4,"92.6"
"368","LONG MIDDLE COMMUNITY ED. CTR. (3260)",2012,275,9.8,42.5,6.9,0,40.7,"94.7"
"369","LONG MIDDLE COMMUNITY ED. CTR. (3260)",2011,318,8.2,40.6,9.4,0,41.8,"86"
"370","LONG MIDDLE COMMUNITY ED. CTR. (3260)",2010,336,7.1,39.3,10.7,0,42.9,"88.8"
"371","LONG MIDDLE COMMUNITY ED. CTR. (3260)",2009,315,5.7,38.4,9.5,0,46.3,"62.2"
"372","LONG MIDDLE COMMUNITY ED. CTR. (3260)",2008,294,5.1,32.7,11.6,0,50.7,"80.8"
"373","L'OUVERTURE MIDDLE (3280)",2014,0,0,0,0,0,0,"*"
"374","L'OUVERTURE MIDDLE (3280)",2013,204,1,96.1,0.5,0,2.5,"*"
"375","L'OUVERTURE MIDDLE (3280)",2012,238,0.8,95,0,0,4.2,"92.7"
"376","L'OUVERTURE MIDDLE (3280)",2011,258,1.2,96.5,0,0,2.3,"92.1"
"377","L'OUVERTURE MIDDLE (3280)",2010,300,0.7,96,0,0,3.3,"88.4"
"378","L'OUVERTURE MIDDLE (3280)",2009,232,0.4,94.4,0,0,5.2,"78.8"
"379","L'OUVERTURE MIDDLE (3280)",2008,207,1,96.6,0,0,2.4,"83.5"
"380","LYON AT BLOW ELEM. (5180)",2015,387,0.5,84.5,2.3,0,12.7,"*"
"381","LYON AT BLOW ELEM. (5180)",2014,389,0.8,80.7,2.8,0,15.7,"*"
"382","LYON AT BLOW ELEM. (5180)",2013,352,1.1,74.1,3.4,0,21.3,"94"
"383","LYON AT BLOW ELEM. (5180)",2012,406,0.5,69.5,4.2,0,25.9,"*"
"384","LYON AT BLOW ELEM. (5180)",2011,384,0.5,68,6.3,0.3,25,"93.7"
"385","LYON AT BLOW ELEM. (5180)",2010,342,2.3,63.2,7.6,0.3,26.6,"86"
"386","LYON AT BLOW ELEM. (5180)",2009,334,7.5,68.3,3.6,0.3,20.4,"61.9"
"387","LYON AT BLOW ELEM. (5180)",2008,152,0,63.8,2,0.7,33.6,"73.3"
"388","MALLINCKRODT A.B.I. ELEM. (5240)",2015,241,3.3,38.6,3.3,0,54.8,"*"
"389","MALLINCKRODT A.B.I. ELEM. (5240)",2014,250,2,45.6,4.8,0,47.6,"43"
"390","MALLINCKRODT A.B.I. ELEM. (5240)",2013,253,3.2,51.4,5.9,0.4,39.1,"56.6"
"391","MALLINCKRODT A.B.I. ELEM. (5240)",2012,193,4.1,46.1,9.3,0.5,39.9,"66.5"
"392","MALLINCKRODT A.B.I. ELEM. (5240)",2011,178,3.4,53.4,10.7,1.1,31.5,"83.3"
"393","MALLINCKRODT A.B.I. ELEM. (5240)",2010,187,3.2,54,10.2,1.1,31.6,"84.8"
"394","MALLINCKRODT A.B.I. ELEM. (5240)",2009,206,3.4,57.3,5.3,1,33,"64.3"
"395","MALLINCKRODT A.B.I. ELEM. (5240)",2008,229,3.5,57.6,3.5,0.9,34.5,"61"
"396","MANN ELEM. (5260)",2015,310,10.6,65.2,13.2,0,11,"*"
"397","MANN ELEM. (5260)",2014,274,12.8,67.5,9.5,0,10.2,"*"
"398","MANN ELEM. (5260)",2013,222,16.7,62.6,10.4,0,10.4,"*"
"399","MANN ELEM. (5260)",2012,220,17.3,63.2,6.4,0.5,12.7,"*"
"400","MANN ELEM. (5260)",2011,207,14.5,66.2,7.7,0.5,11.1,"94.8"
"401","MANN ELEM. (5260)",2010,243,18.9,58.8,7.4,0,14.8,"93.7"
"402","MANN ELEM. (5260)",2009,247,17.4,61.1,10.5,0.4,10.5,"61.8"
"403","MANN ELEM. (5260)",2008,210,18.6,63.8,7.1,0.5,10,"76"
"404","MARK TWAIN ELEM. (5280)",2009,216,0,99.5,0,0,0.5,"76.8"
"405","MARK TWAIN ELEM. (5280)",2008,187,0,100,0,0,0,"80"
"406","MASON ELEM. (5340)",2015,414,2.4,50.2,13.3,0,34.1,"*"
"407","MASON ELEM. (5340)",2014,393,3.1,42.2,13.5,0.8,40.5,"84"
"408","MASON ELEM. (5340)",2013,387,3.4,45.2,8.5,0.8,42.1,"83"
"409","MASON ELEM. (5340)",2012,326,6.4,38.7,8.3,0.9,45.7,"81.4"
"410","MASON ELEM. (5340)",2011,306,5.6,35.9,8.2,0.3,50,"91.3"
"411","MASON ELEM. (5340)",2010,264,6.4,33.7,5.7,0,54.2,"82.8"
"412","MASON ELEM. (5340)",2009,273,4,37,5.5,0,53.5,"60.1"
"413","MASON ELEM. (5340)",2008,303,4.6,38,7.6,0.7,49.2,"66.5"
"414","MCKINLEY CLASS. LEADERSHIP AC. (1570)",2015,535,7.1,46.9,3.6,0.6,41.9,"*"
"415","MCKINLEY CLASS. LEADERSHIP AC. (1570)",2014,474,7.2,49.4,4.2,0.2,39,"48.4"
"416","MCKINLEY CLASS. LEADERSHIP AC. (1570)",2013,411,7.3,47.9,4.9,0,39.9,"47.6"
"417","MCKINLEY CLASS. LEADERSHIP AC. (1570)",2012,402,4,48.8,3.5,0.7,43,"44"
"418","MCKINLEY CLASS. LEADERSHIP AC. (1570)",2011,430,6,48.1,3.3,0.7,41.9,"44.3"
"419","MCKINLEY CLASS. LEADERSHIP AC. (1570)",2010,58,6.9,56.9,5.2,0,31,"57.6"
"420","MCKINLEY CLASS. LEADERSHIP AC. (1570)",2009,45,6.7,51.1,2.2,2.2,37.8,"40.5"
"421","MCKINLEY CLASS. LEADERSHIP AC. (1570)",2008,16,6.3,56.3,0,0,37.5,"43.8"
"422","MCKINLEY/CLASSICAL JR. ACAD. (3130)",2010,331,5.7,48.6,2.7,0.9,42,"49.2"
"423","MCKINLEY/CLASSICAL JR. ACAD. (3130)",2009,333,7.2,48,2.7,0.3,41.7,"39.5"
"424","MCKINLEY/CLASSICAL JR. ACAD. (3130)",2008,305,6.9,48.5,2.6,0.3,41.6,"36.5"
"425","MERAMEC ELEM. (5500)",2015,232,3.4,86.6,3.4,0,6.5,"*"
"426","MERAMEC ELEM. (5500)",2014,230,5.2,82.2,1.3,0,11.3,"*"
"427","MERAMEC ELEM. (5500)",2013,251,4,88,1.2,0,6.8,"*"
"428","MERAMEC ELEM. (5500)",2012,208,1.4,87,2.4,0,9.1,"*"
"429","MERAMEC ELEM. (5500)",2011,226,4.4,90.3,2.2,0,3.1,"*"
"430","MERAMEC ELEM. (5500)",2010,211,1.4,92.4,0.9,0,5.2,"92.1"
"431","MERAMEC ELEM. (5500)",2009,182,0,97.3,1.1,0,1.6,"79.2"
"432","MERAMEC ELEM. (5500)",2008,208,0.5,94.2,1,0,4.3,"66.8"
"433","METRO HIGH (1560)",2015,335,10.4,45.4,2.4,0.3,41.5,"*"
"434","METRO HIGH (1560)",2014,335,11.3,46,4.8,0.6,37.3,"42.2"
"435","METRO HIGH (1560)",2013,316,9.5,45.3,5.4,0.3,39.6,"41.6"
"436","METRO HIGH (1560)",2012,324,8.3,44.4,4.6,0.3,42.3,"42.5"
"437","METRO HIGH (1560)",2011,291,6.2,45.7,5.2,0,43,"34.1"
"438","METRO HIGH (1560)",2010,297,5.4,47.8,3.7,0,43.1,"39.5"
"439","METRO HIGH (1560)",2009,304,3.6,47.7,3,0,45.7,"33.3"
"440","METRO HIGH (1560)",2008,310,3.2,47.1,2.9,0,46.8,"30.8"
"441","MILLER CAREER ACADEMY (1100)",2015,685,0.1,95.6,0.3,0.1,3.8,"*"
"442","MILLER CAREER ACADEMY (1100)",2014,710,0.1,95.6,0.8,0.1,3.2,"84.4"
"443","MILLER CAREER ACADEMY (1100)",2013,788,0.5,95.4,1,0.3,2.8,"85.3"
"444","MILLER CAREER ACADEMY (1100)",2012,807,0.6,94.4,0.9,0.2,3.8,"81.4"
"445","MILLER CAREER ACADEMY (1100)",2011,703,0.7,94.6,1.1,0.1,3.4,"81.6"
"446","MILLER CAREER ACADEMY (1100)",2010,725,0.4,93.8,0.8,0.3,4.7,"81.5"
"447","MILLER CAREER ACADEMY (1100)",2009,729,0,93.7,0.8,0.3,5.2,"64.2"
"448","MILLER CAREER ACADEMY (1100)",2008,712,0,92.7,0.7,0.1,6.5,"54.5"
"449","MITCHELL ELEM. (5540)",2008,243,0,98.4,0.4,0,1.2,"91.9"
"450","MONROE ELEM. (5560)",2015,311,0.3,91.3,0.3,1,7.1,"*"
"451","MONROE ELEM. (5560)",2014,310,0,92.6,0.3,0,7.1,"*"
"452","MONROE ELEM. (5560)",2013,311,0.3,89.7,1,0,9,"*"
"453","MONROE ELEM. (5560)",2012,242,0.8,91.3,0.4,0,7.4,"*"
"454","MONROE ELEM. (5560)",2011,236,0.8,88.1,1.7,0,9.3,"*"
"455","MONROE ELEM. (5560)",2010,219,1.4,89.5,1.4,0,7.8,"94.5"
"456","MONROE ELEM. (5560)",2009,181,1.1,81.2,3.3,0,14.4,"73.2"
"457","MONROE ELEM. (5560)",2008,276,1.1,88.4,3.6,0,6.9,"78.4"
"458","MULLANPHY BOTANICAL GARDENS (5590)",2015,379,3.2,73.6,11.9,0,11.3,"*"
"459","MULLANPHY BOTANICAL GARDENS (5590)",2014,403,2.7,79.4,9.2,0,8.7,"93.1"
"460","MULLANPHY BOTANICAL GARDENS (5590)",2013,418,1.7,80.6,7.7,0,10,"88.2"
"461","MULLANPHY BOTANICAL GARDENS (5590)",2012,355,2.8,78.6,6.2,0.6,11.8,"87.6"
"462","MULLANPHY BOTANICAL GARDENS (5590)",2011,364,2.7,76.6,4.4,0.5,15.7,"82.8"
"463","MULLANPHY BOTANICAL GARDENS (5590)",2010,416,3.1,71.9,6,0.5,18.5,"81.1"
"464","MULLANPHY BOTANICAL GARDENS (5590)",2009,412,2.2,66.7,5.8,0.7,24.5,"68.9"
"465","MULLANPHY BOTANICAL GARDENS (5590)",2008,396,3.5,64.9,4.8,0.5,26.3,"66.1"
"466","NORTHWEST MIDDLE (3310)",2009,65,0,100,0,0,0,"77.8"
"467","NORTHWEST MIDDLE (3310)",2008,153,0,100,0,0,0,"82.3"
"468","OAK HILL ELEM. (5600)",2015,314,9.9,55.4,15,0,19.7,"*"
"469","OAK HILL ELEM. (5600)",2014,324,12.3,50.9,14.8,0,21.9,"*"
"470","OAK HILL ELEM. (5600)",2013,362,13.8,48.9,14.1,0,23.2,"*"
"471","OAK HILL ELEM. (5600)",2012,352,13.6,42,15.3,0,29,"*"
"472","OAK HILL ELEM. (5600)",2011,368,14.4,41.3,13.6,0,30.7,"94.1"
"473","OAK HILL ELEM. (5600)",2010,347,14.1,38.6,13.5,0,33.7,"91.6"
"474","OAK HILL ELEM. (5600)",2009,290,10.3,34.5,15.2,0,40,"67.7"
"475","OAK HILL ELEM. (5600)",2008,327,10.1,36.7,11.6,0,41.6,"67.2"
"476","PEABODY ELEM. (5620)",2015,226,0,99.6,0.4,0,0,"*"
"477","PEABODY ELEM. (5620)",2014,307,0,99.7,0,0,0.3,"*"
"478","PEABODY ELEM. (5620)",2013,293,0,100,0,0,0,"*"
"479","PEABODY ELEM. (5620)",2012,258,0,100,0,0,0,"*"
"480","PEABODY ELEM. (5620)",2011,314,0.6,99.4,0,0,0,"*"
"481","PEABODY ELEM. (5620)",2010,272,1.1,98.5,0,0,0.4,"*"
"482","PEABODY ELEM. (5620)",2009,260,1.5,98.5,0,0,0,"76.5"
"483","PEABODY ELEM. (5620)",2008,281,1.1,98.9,0,0,0,"74.5"
"484","ROOSEVELT 9TH GRADE CTR. (1640)",2009,308,1.6,84.7,1,0,12.7,"62.1"
"485","ROOSEVELT 9TH GRADE CTR. (1640)",2008,417,1,84.9,2.4,0,11.8,"76"
"486","ROOSEVELT HIGH (1680)",2015,625,6.9,72.3,7.8,0,13,"*"
"487","ROOSEVELT HIGH (1680)",2014,776,8.1,74,5.4,0,12.5,"86.2"
"488","ROOSEVELT HIGH (1680)",2013,906,6.7,74.4,5.1,0.1,13.7,"85.7"
"489","ROOSEVELT HIGH (1680)",2012,879,5.7,76.6,4.8,0.1,12.9,"80.5"
"490","ROOSEVELT HIGH (1680)",2011,1003,7.4,76.8,5.4,0,10.5,"77.6"
"491","ROOSEVELT HIGH (1680)",2010,1218,4.1,80.4,3.7,0.1,11.7,"73"
"492","ROOSEVELT HIGH (1680)",2009,1057,3.5,82.2,3.8,0,10.5,"53.3"
"493","ROOSEVELT HIGH (1680)",2008,982,1.9,85.3,4.1,0.1,8.6,"45.2"
"494","SCRUGGS ELEM. (5740)",2009,210,13.8,66.7,5.7,0,13.8,"73.2"
"495","SCRUGGS ELEM. (5740)",2008,272,10.7,72.1,7,0,10.3,"67.8"
"496","SHAW VISUAL/PERF. ARTS CTR. (5780)",2015,384,0.5,82.8,3.6,0.8,12.2,"*"
"497","SHAW VISUAL/PERF. ARTS CTR. (5780)",2014,372,0.8,82.3,3.2,0.5,13.2,"88.3"
"498","SHAW VISUAL/PERF. ARTS CTR. (5780)",2013,385,1.3,79.2,3.9,0.5,15.1,"88.7"
"499","SHAW VISUAL/PERF. ARTS CTR. (5780)",2012,349,0.9,75.9,4.3,0.6,18.3,"88"
"500","SHAW VISUAL/PERF. ARTS CTR. (5780)",2011,318,0,70.4,5.7,0.9,23,"86.6"
"501","SHAW VISUAL/PERF. ARTS CTR. (5780)",2010,323,0,68.1,5.3,1.2,25.4,"83.1"
"502","SHAW VISUAL/PERF. ARTS CTR. (5780)",2009,325,0.3,66.2,4,1.2,28.3,"62.8"
"503","SHAW VISUAL/PERF. ARTS CTR. (5780)",2008,312,0.6,63.8,3.8,1,30.8,"63"
"504","SHENANDOAH ELEM. (5800)",2015,183,2.2,92.9,0.5,0,4.4,"*"
"505","SHENANDOAH ELEM. (5800)",2014,170,2.9,90,0.6,0,6.5,"*"
"506","SHENANDOAH ELEM. (5800)",2013,158,3.2,89.2,2.5,0,5.1,"93.8"
"507","SHENANDOAH ELEM. (5800)",2012,141,4.3,90.8,1.4,0,3.5,"94.2"
"508","SHENANDOAH ELEM. (5800)",2011,129,3.9,95.3,0,0,0.8,"94.9"
"509","SHENANDOAH ELEM. (5800)",2010,122,3.3,96.7,0,0,0,"93.3"
"510","SHENANDOAH ELEM. (5800)",2009,115,2.6,91.3,0.9,0,5.2,"79.5"
"511","SHENANDOAH ELEM. (5800)",2008,112,0,93.8,2.7,0.9,2.7,"89"
"512","SHEPARD ELEM. (5820)",2009,139,0,87.8,0,0,12.2,"68.9"
"513","SHEPARD ELEM. (5820)",2008,229,0,92.1,0.9,0,7,"73"
"514","SHERMAN ELEM. COMM. ED. CTR. (5840)",2014,0,0,0,0,0,0,"*"
"515","SHERMAN ELEM. COMM. ED. CTR. (5840)",2013,157,0,90.4,3.8,0,5.7,"*"
"516","SHERMAN ELEM. COMM. ED. CTR. (5840)",2012,124,0,97.6,0,0,2.4,"*"
"517","SHERMAN ELEM. COMM. ED. CTR. (5840)",2011,125,0.8,96.8,0.8,0,1.6,"93.6"
"518","SHERMAN ELEM. COMM. ED. CTR. (5840)",2010,143,0.7,94.4,0.7,0,4.2,"*"
"519","SHERMAN ELEM. COMM. ED. CTR. (5840)",2009,171,0.6,95.3,2.3,0,1.8,"78.8"
"520","SHERMAN ELEM. COMM. ED. CTR. (5840)",2008,174,0,96,2.3,0,1.7,"90.3"
"521","SIGEL ELEM. COMM. ED. CTR. (5860)",2015,259,0.4,94.6,2.3,0,2.7,"*"
"522","SIGEL ELEM. COMM. ED. CTR. (5860)",2014,277,0,91,3.2,0,5.8,"*"
"523","SIGEL ELEM. COMM. ED. CTR. (5860)",2013,250,0.8,91.6,3.2,0,4.4,"*"
"524","SIGEL ELEM. COMM. ED. CTR. (5860)",2012,262,1.5,87.4,3.8,0,7.3,"*"
"525","SIGEL ELEM. COMM. ED. CTR. (5860)",2011,256,1.2,84.8,3.5,0,10.5,"*"
"526","SIGEL ELEM. COMM. ED. CTR. (5860)",2010,241,2.1,82.6,4.1,0,11.2,"89.1"
"527","SIGEL ELEM. COMM. ED. CTR. (5860)",2009,252,5.2,79.4,5.2,0.4,9.9,"80.3"
"528","SIGEL ELEM. COMM. ED. CTR. (5860)",2008,200,2,82,5.5,0,10.5,"88.1"
"529","SIMMONS ELEM. (5880)",2009,292,0.3,99,0,0.3,0.3,"85.1"
"530","SIMMONS ELEM. (5880)",2008,222,0,98.6,0,0,1.4,"85.2"
"531","SOLDAN INTERNATIONAL STUDIES (1730)",2015,554,6.9,86.5,2.9,0.2,3.6,"*"
"532","SOLDAN INTERNATIONAL STUDIES (1730)",2014,559,5.2,86.4,4.8,0.2,3.4,"92.2"
"533","SOLDAN INTERNATIONAL STUDIES (1730)",2013,553,5.6,84.8,4,0,5.6,"88.3"
"534","SOLDAN INTERNATIONAL STUDIES (1730)",2012,624,6.6,78.7,5.8,0.5,8.5,"87.8"
"535","SOLDAN INTERNATIONAL STUDIES (1730)",2011,676,3.3,78.6,6.7,0.4,11.1,"86.6"
"536","SOLDAN INTERNATIONAL STUDIES (1730)",2010,749,3.9,76.5,7.1,0.4,12.1,"86.3"
"537","SOLDAN INTERNATIONAL STUDIES (1730)",2009,648,5.2,69,9,0.3,16.5,"69"
"538","SOLDAN INTERNATIONAL STUDIES (1730)",2008,677,4.6,65.7,8.3,0,21.4,"67.5"
"539","ST. LOUIS CHILDREN'S HOSPITAL (6340)",2015,23,0,95.7,0,0,4.3,"*"
"540","ST. LOUIS CHILDREN'S HOSPITAL (6340)",2014,12,0,91.7,0,0,8.3,"*"
"541","ST. LOUIS CHILDREN'S HOSPITAL (6340)",2013,9,0,66.7,0,0,33.3,"88.2"
"542","ST. LOUIS CHILDREN'S HOSPITAL (6340)",2012,11,0,81.8,0,0,18.2,"72.7"
"543","ST. LOUIS CHILDREN'S HOSPITAL (6340)",2011,14,0,85.7,0,0,14.3,"69.6"
"544","ST. LOUIS CHILDREN'S HOSPITAL (6340)",2010,1,0,100,0,0,0,"*"
"545","ST. LOUIS CHILDREN'S HOSPITAL (6340)",2009,0,0,0,0,0,0,"*"
"546","ST. LOUIS CHILDREN'S HOSPITAL (6340)",2008,19,5.3,47.4,5.3,0,42.1,"*"
"547","STEVENS MIDDLE COMMUNITY ED. (3400)",2015,0,0,0,0,0,0,"*"
"548","STEVENS MIDDLE COMMUNITY ED. (3400)",2014,0,0,0,0,0,0,"*"
"549","STEVENS MIDDLE COMMUNITY ED. (3400)",2013,0,0,0,0,0,0,"*"
"550","STEVENS MIDDLE COMMUNITY ED. (3400)",2012,0,0,0,0,0,0,"*"
"551","STEVENS MIDDLE COMMUNITY ED. (3400)",2011,174,0,99.4,0.6,0,0,"*"
"552","STEVENS MIDDLE COMMUNITY ED. (3400)",2010,248,0,99.6,0.4,0,0,"91.7"
"553","STEVENS MIDDLE COMMUNITY ED. (3400)",2009,273,0,98.9,0.4,0,0.7,"79.6"
"554","STEVENS MIDDLE COMMUNITY ED. (3400)",2008,257,0,99.6,0,0,0.4,"81"
"555","STIX EARLY CHILDHOOD CTR. (5930)",2015,330,1.8,86.1,1.8,0.3,10,"*"
"556","STIX EARLY CHILDHOOD CTR. (5930)",2014,342,2.6,86,2.3,0.3,8.8,"79.4"
"557","STIX EARLY CHILDHOOD CTR. (5930)",2013,350,2,86.3,2.9,0.3,8.6,"80.6"
"558","STIX EARLY CHILDHOOD CTR. (5930)",2012,340,2.6,81.2,3.2,0.3,12.6,"83.7"
"559","STIX EARLY CHILDHOOD CTR. (5930)",2011,367,1.9,77.9,3,0.8,16.3,"74.9"
"560","STIX EARLY CHILDHOOD CTR. (5930)",2010,308,2.9,76,3.6,1,16.6,"76.4"
"561","STIX EARLY CHILDHOOD CTR. (5930)",2009,307,2.6,71,4.2,1.6,20.5,"61.4"
"562","STIX EARLY CHILDHOOD CTR. (5930)",2008,328,0.9,71.3,4.6,1.5,21.6,"66"
"563","STOWE PREPARATORY JR. HIGH (2070)",2009,253,0,100,0,0,0,"76.9"
"564","STOWE PREPARATORY JR. HIGH (2070)",2008,273,0.4,99.6,0,0,0,"83.4"
"565","SUMNER HIGH (1800)",2015,440,0,98.4,0.7,0,0.9,"*"
"566","SUMNER HIGH (1800)",2014,579,0.2,99.1,0.3,0,0.3,"93.7"
"567","SUMNER HIGH (1800)",2013,576,0.5,98.1,0.7,0,0.7,"89.6"
"568","SUMNER HIGH (1800)",2012,521,0,99.8,0.2,0,0,"88.6"
"569","SUMNER HIGH (1800)",2011,586,0.3,99.5,0.2,0,0,"87.5"
"570","SUMNER HIGH (1800)",2010,878,0.5,99,0.3,0,0.2,"73.4"
"571","SUMNER HIGH (1800)",2009,948,0.1,99.2,0.5,0,0.2,"61.6"
"572","SUMNER HIGH (1800)",2008,1016,0,99,0.4,0,0.6,"64.6"
"573","THE COLLEGE PREPARATORY HIGH (1550)",2015,290,0,99,0.3,0.3,0.3,"*"
"574","THE COLLEGE PREPARATORY HIGH (1550)",2014,375,0,100,0,0,0,"*"
"575","THE COLLEGE PREPARATORY HIGH (1550)",2013,437,0,99.3,0,0,0.7,"93.8"
"576","TRANSPORTATION AND LAW (1540)",2015,364,0.3,98.1,0,0.3,1.4,"*"
"577","TRANSPORTATION AND LAW (1540)",2014,357,0,98.6,0.3,0,1.1,"*"
"578","TRANSPORTATION AND LAW (1540)",2013,269,0.4,98.1,0.4,0,1.1,"*"
"579","TRANSPORTATION AND LAW (1540)",2012,298,0,98.3,0.3,0,1.3,"92.8"
"580","TRANSPORTATION AND LAW (1540)",2011,318,0,98.7,0,0,1.3,"86.6"
"581","TRANSPORTATION AND LAW (1540)",2010,344,0,99.4,0,0,0.6,"88.6"
"582","TRANSPORTATION AND LAW (1540)",2009,285,0,99.6,0,0,0.4,"77.1"
"583","TRANSPORTATION AND LAW (1540)",2008,220,0,99.1,0,0,0.9,"78.8"
"584","VASHON 9TH GRADE CTR. (1600)",2008,212,0,100,0,0,0,"81"
"585","VASHON HIGH (1830)",2015,645,0,99.5,0.3,0,0.2,"*"
"586","VASHON HIGH (1830)",2014,864,0.1,99.1,0.1,0,0.7,"91.9"
"587","VASHON HIGH (1830)",2013,900,0.2,98.6,0.3,0,0.9,"88.3"
"588","VASHON HIGH (1830)",2012,828,0.4,98.3,0.1,0,1.2,"88.8"
"589","VASHON HIGH (1830)",2011,658,0.2,98.9,0,0,0.9,"89.6"
"590","VASHON HIGH (1830)",2010,739,0.1,99.6,0.1,0,0.1,"81.5"
"591","VASHON HIGH (1830)",2009,818,0.1,99.6,0,0,0.2,"73.3"
"592","VASHON HIGH (1830)",2008,713,0,100,0,0,0,"64.5"
"593","VO. TECH. TUITION (9995)",2015,0,0,0,0,0,0,"*"
"594","VO. TECH. TUITION (9995)",2014,0,0,0,0,0,0,"*"
"595","VO. TECH. TUITION (9995)",2013,0,0,0,0,0,0,"*"
"596","VO. TECH. TUITION (9995)",2012,0,0,0,0,0,0,"*"
"597","VO. TECH. TUITION (9995)",2011,0,0,0,0,0,0,"*"
"598","VO. TECH. TUITION (9995)",2010,0,0,0,0,0,0,"*"
"599","VO. TECH. TUITION (9995)",2009,0,0,0,0,0,0,"*"
"600","VO. TECH. TUITION (9995)",2008,0,0,0,0,0,0,"*"
"601","WALBRIDGE ELEM. COMMUNITY ED. (5960)",2015,158,0.6,99.4,0,0,0,"*"
"602","WALBRIDGE ELEM. COMMUNITY ED. (5960)",2014,227,0,99.6,0,0.4,0,"*"
"603","WALBRIDGE ELEM. COMMUNITY ED. (5960)",2013,228,0,99.6,0,0,0.4,"93.1"
"604","WALBRIDGE ELEM. COMMUNITY ED. (5960)",2012,206,0,99,0,0,1,"*"
"605","WALBRIDGE ELEM. COMMUNITY ED. (5960)",2011,335,0,100,0,0,0,"*"
"606","WALBRIDGE ELEM. COMMUNITY ED. (5960)",2010,379,0,99.5,0.3,0,0.3,"93.4"
"607","WALBRIDGE ELEM. COMMUNITY ED. (5960)",2009,267,0,99.6,0,0,0.4,"81.9"
"608","WALBRIDGE ELEM. COMMUNITY ED. (5960)",2008,276,0,98.6,0.4,0,1.1,"83.6"
"609","WASHINGTON MONTESSORI (6010)",2015,307,0.3,95.4,1,2,1.3,"*"
"610","WASHINGTON MONTESSORI (6010)",2014,324,0.6,94.8,1.2,1.9,1.5,"90.7"
"611","WASHINGTON MONTESSORI (6010)",2013,321,0.3,92.2,2.8,2.2,2.5,"93"
"612","WASHINGTON MONTESSORI (6010)",2012,327,0.6,89.3,4,1.5,4.6,"88.3"
"613","WASHINGTON MONTESSORI (6010)",2011,332,1.8,83.7,5.7,2.1,6.6,"91.2"
"614","WASHINGTON MONTESSORI (6010)",2010,324,1.5,80.2,6.8,1.5,9.9,"87.1"
"615","WASHINGTON MONTESSORI (6010)",2009,284,3.2,75.4,10.6,1.4,9.5,"76.8"
"616","WASHINGTON MONTESSORI (6010)",2008,285,3.2,71.6,9.8,1.4,14,"81.6"
"617","WILKINSON EARLY CHILDHOOD CTR. (6030)",2015,177,0.6,63.3,3.4,0.6,32.2,"*"
"618","WILKINSON EARLY CHILDHOOD CTR. (6030)",2014,204,0.5,69.1,2.9,0.5,27,"72.4"
"619","WILKINSON EARLY CHILDHOOD CTR. (6030)",2013,199,0,65.3,2,0.5,32.2,"68.2"
"620","WILKINSON EARLY CHILDHOOD CTR. (6030)",2012,117,0.9,64.1,1.7,0,33.3,"64.9"
"621","WILKINSON EARLY CHILDHOOD CTR. (6030)",2011,118,1.7,73.7,0.8,0.8,22.9,"78.6"
"622","WILKINSON EARLY CHILDHOOD CTR. (6030)",2010,137,2.2,65,0.7,0.7,31.4,"73.9"
"623","WILKINSON EARLY CHILDHOOD CTR. (6030)",2009,154,1.9,64.3,0,0,33.8,"61.8"
"624","WILKINSON EARLY CHILDHOOD CTR. (6030)",2008,140,0.7,62.1,2.9,0,34.3,"61.9"
"625","WOERNER ELEM. (5970)",2015,382,9.7,28,9.9,0,52.4,"*"
"626","WOERNER ELEM. (5970)",2014,364,9.6,24.7,8.5,0,57.1,"89.4"
"627","WOERNER ELEM. (5970)",2013,366,10.7,23.2,7.4,0,58.7,"84.2"
"628","WOERNER ELEM. (5970)",2012,362,9.7,24.3,5.5,0,60.5,"87"
"629","WOERNER ELEM. (5970)",2011,358,8.4,24.6,5.3,0,61.7,"88.9"
"630","WOERNER ELEM. (5970)",2010,402,6.5,22.1,6,0.2,65.2,"86.3"
"631","WOERNER ELEM. (5970)",2009,369,6,23.8,7,0,63.1,"67.8"
"632","WOERNER ELEM. (5970)",2008,380,6.8,21.3,6.1,0,65.8,"77.2"
"633","WOODWARD ELEM. (6120)",2015,358,4.5,69.3,8.9,0,17.3,"*"
"634","WOODWARD ELEM. (6120)",2014,345,6.1,68.7,11,0,14.2,"*"
"635","WOODWARD ELEM. (6120)",2013,265,6.4,62.3,14.7,0.4,16.2,"*"
"636","WOODWARD ELEM. (6120)",2012,268,8.2,59.7,13.8,1.1,17.2,"*"
"637","WOODWARD ELEM. (6120)",2011,289,6.2,56.4,12.5,0.7,24.2,"93.1"
"638","WOODWARD ELEM. (6120)",2010,322,5.3,57.1,13,0.3,24.2,"92.4"
"639","WOODWARD ELEM. (6120)",2009,283,2.5,52.7,9.5,0.4,35,"70.6"
"640","WOODWARD ELEM. (6120)",2008,304,4.6,55.3,7.9,0.7,31.6,"70.4"
"641","WYMAN ELEM. (6140)",2008,201,5,84.1,2,0,9,"79.5"
"642","YEATMAN-LIDDELL MIDDLE SCHOOL (2080)",2015,358,0,99.4,0,0,0.6,"*"
"643","YEATMAN-LIDDELL MIDDLE SCHOOL (2080)",2014,421,0,99.8,0,0,0.2,"94.7"
"644","YEATMAN-LIDDELL MIDDLE SCHOOL (2080)",2013,391,0,99.2,0,0,0.8,"*"
"645","YEATMAN-LIDDELL MIDDLE SCHOOL (2080)",2012,354,0,99.4,0,0,0.6,"*"
"646","YEATMAN-LIDDELL MIDDLE SCHOOL (2080)",2011,267,0,99.6,0,0,0.4,"93"
"647","YEATMAN-LIDDELL MIDDLE SCHOOL (2080)",2010,239,0,99.6,0,0,0.4,"87.9"
"648","YEATMAN-LIDDELL MIDDLE SCHOOL (2080)",2009,304,0,100,0,0,0,"83.2"
"649","YEATMAN-LIDDELL MIDDLE SCHOOL (2080)",2008,317,0,99.7,0,0,0.3,"84.5"
